-- phpMyAdmin SQL Dump
-- version 3.5.8
-- http://www.phpmyadmin.net
--
-- Host: localhost
-- Generation Time: Jul 24, 2013 at 03:56 AM
-- Server version: 5.6.10-log
-- PHP Version: 5.4.13

SET SQL_MODE="NO_AUTO_VALUE_ON_ZERO";
SET time_zone = "+00:00";


/*!40101 SET @OLD_CHARACTER_SET_CLIENT=@@CHARACTER_SET_CLIENT */;
/*!40101 SET @OLD_CHARACTER_SET_RESULTS=@@CHARACTER_SET_RESULTS */;
/*!40101 SET @OLD_COLLATION_CONNECTION=@@COLLATION_CONNECTION */;
/*!40101 SET NAMES utf8 */;

--
-- Database: `tf_dayztavi`
--

-- --------------------------------------------------------

--
-- Table structure for table `deployable`
--

CREATE TABLE IF NOT EXISTS `deployable` (
  `id` smallint(5) unsigned NOT NULL AUTO_INCREMENT,
  `class_name` varchar(100) DEFAULT NULL,
  PRIMARY KEY (`id`),
  UNIQUE KEY `uq1_deployable` (`class_name`)
) ENGINE=InnoDB  DEFAULT CHARSET=utf8 AUTO_INCREMENT=53 ;

--
-- Dumping data for table `deployable`
--

INSERT INTO `deployable` (`id`, `class_name`) VALUES
(9, 'AmmoBoxBig'),
(11, 'Base_WarfareBBarrier10x'),
(12, 'Base_WarfareBBarrier10xTall'),
(23, 'CamoNet'),
(24, 'Concrete_Wall_EP1'),
(25, 'DeerStand'),
(6, 'DomeStorage'),
(26, 'Fence_corrugated_plate'),
(27, 'Fence_Ind'),
(28, 'Fence_Ind_long'),
(29, 'Fort_RazorWire'),
(30, 'Gate1_DZ'),
(31, 'Grave'),
(32, 'HBarrier'),
(4, 'Hedgehog_DZ'),
(33, 'Hhedgehog_concrete'),
(34, 'Infostand_2_EP1'),
(22, 'Ins_WarfareBContructionSite'),
(35, 'LadderSmall'),
(36, 'Land_BagFenceRound'),
(37, 'Land_CamoNetB_EAST'),
(38, 'Land_CamoNetB_NATO'),
(39, 'Land_CamoNetVar_EAST'),
(40, 'Land_CamoNetVar_NATO'),
(41, 'Land_CamoNet_EAST'),
(42, 'Land_CamoNet_NATO'),
(10, 'Land_CncBlock'),
(14, 'Land_fortified_nest_big'),
(19, 'Land_fortified_nest_small'),
(43, 'Land_fort_bagfence_long'),
(16, 'Land_fort_rampart_EP1'),
(17, 'Land_Fort_Watchtower'),
(18, 'Land_HBarrier_large'),
(20, 'Land_Misc_Cargo2E'),
(44, 'Land_prebehlavka'),
(45, 'Land_pumpa'),
(46, 'Land_tent_east'),
(21, 'Misc_Cargo1Bo_military'),
(47, 'Misc_cargo_cont_small_EP1'),
(5, 'Sandbag1_DZ'),
(48, 'SandBagNest'),
(49, 'Scaffolding'),
(8, 'StashMedium'),
(7, 'StashSmall'),
(1, 'TentStorage'),
(2, 'TrapBear'),
(13, 'WarfareBCamp'),
(15, 'WarfareBDepot'),
(50, 'WatchTower'),
(51, 'Wire2'),
(3, 'Wire_cat1'),
(52, 'ZavoraAnim');

-- --------------------------------------------------------

--
-- Table structure for table `instance`
--

CREATE TABLE IF NOT EXISTS `instance` (
  `id` bigint(20) unsigned NOT NULL AUTO_INCREMENT,
  `world_id` smallint(5) unsigned NOT NULL DEFAULT '1',
  `inventory` varchar(2048) NOT NULL DEFAULT '[]',
  `backpack` varchar(2048) NOT NULL DEFAULT '["DZ_Patrol_Pack_EP1",[[],[]],[[],[]]]',
  PRIMARY KEY (`id`),
  KEY `fk1_instance` (`world_id`)
) ENGINE=InnoDB  DEFAULT CHARSET=utf8 AUTO_INCREMENT=12 ;

--
-- Dumping data for table `instance`
--

INSERT INTO `instance` (`id`, `world_id`, `inventory`, `backpack`) VALUES
(1, 11, '[]', '["DZ_Patrol_Pack_EP1",[[],[]],[[],[]]]');

-- --------------------------------------------------------

--
-- Table structure for table `instance_deployable`
--

CREATE TABLE IF NOT EXISTS `instance_deployable` (
  `id` bigint(20) unsigned NOT NULL AUTO_INCREMENT,
  `unique_id` varchar(60) NOT NULL,
  `deployable_id` smallint(5) unsigned NOT NULL,
  `owner_id` int(10) unsigned NOT NULL,
  `instance_id` bigint(20) unsigned NOT NULL DEFAULT '1',
  `worldspace` varchar(60) NOT NULL DEFAULT '[0,[0,0,0]]',
  `inventory` varchar(2048) NOT NULL DEFAULT '[]',
  `last_updated` timestamp NOT NULL DEFAULT CURRENT_TIMESTAMP ON UPDATE CURRENT_TIMESTAMP,
  `created` timestamp NOT NULL DEFAULT '0000-00-00 00:00:00',
  `Hitpoints` varchar(500) NOT NULL DEFAULT '[]',
  `Fuel` double(13,0) NOT NULL DEFAULT '0',
  `Damage` double(13,0) NOT NULL DEFAULT '0',
  PRIMARY KEY (`id`),
  KEY `idx1_instance_deployable` (`deployable_id`),
  KEY `idx2_instance_deployable` (`owner_id`),
  KEY `idx3_instance_deployable` (`instance_id`)
) ENGINE=InnoDB  DEFAULT CHARSET=utf8 AUTO_INCREMENT=2 ;

-- --------------------------------------------------------

--
-- Table structure for table `instance_vehicle`
--

CREATE TABLE IF NOT EXISTS `instance_vehicle` (
  `id` bigint(20) unsigned NOT NULL AUTO_INCREMENT,
  `world_vehicle_id` bigint(20) unsigned NOT NULL,
  `instance_id` bigint(20) unsigned NOT NULL DEFAULT '1',
  `worldspace` varchar(60) NOT NULL DEFAULT '[0,[0,0,0]]',
  `inventory` varchar(2048) NOT NULL DEFAULT '[]',
  `parts` varchar(1024) NOT NULL DEFAULT '[]',
  `fuel` double NOT NULL DEFAULT '0',
  `damage` double NOT NULL DEFAULT '0',
  `last_updated` timestamp NOT NULL DEFAULT CURRENT_TIMESTAMP ON UPDATE CURRENT_TIMESTAMP,
  `created` timestamp NOT NULL DEFAULT '0000-00-00 00:00:00',
  PRIMARY KEY (`id`),
  KEY `idx3_instance_vehicle` (`instance_id`),
  KEY `fk3_instance_vehicle` (`world_vehicle_id`)
) ENGINE=InnoDB  DEFAULT CHARSET=utf8 AUTO_INCREMENT=149 ;

-- --------------------------------------------------------

--
-- Table structure for table `log_code`
--

CREATE TABLE IF NOT EXISTS `log_code` (
  `id` int(11) unsigned NOT NULL AUTO_INCREMENT,
  `name` varchar(50) NOT NULL,
  `description` varchar(255) DEFAULT '',
  PRIMARY KEY (`id`),
  UNIQUE KEY `uq_log_code` (`name`)
) ENGINE=InnoDB  DEFAULT CHARSET=utf8 AUTO_INCREMENT=6 ;

--
-- Dumping data for table `log_code`
--

INSERT INTO `log_code` (`id`, `name`, `description`) VALUES
(1, 'Login', 'Player has logged in'),
(2, 'Logout', 'Player has logged out'),
(3, 'Ban', 'Player was banned'),
(4, 'Connect', 'Player has connected'),
(5, 'Disconnect', 'Player has disconnected');

-- --------------------------------------------------------

--
-- Table structure for table `log_entry`
--

CREATE TABLE IF NOT EXISTS `log_entry` (
  `id` int(11) unsigned NOT NULL AUTO_INCREMENT,
  `unique_id` varchar(128) NOT NULL DEFAULT '',
  `log_code_id` int(11) unsigned NOT NULL,
  `text` varchar(1024) DEFAULT '',
  `created` timestamp NOT NULL DEFAULT CURRENT_TIMESTAMP,
  `instance_id` int(11) unsigned NOT NULL DEFAULT '0',
  PRIMARY KEY (`id`),
  KEY `fk1_log_entry` (`log_code_id`)
) ENGINE=InnoDB  DEFAULT CHARSET=utf8 AUTO_INCREMENT=78 ;

--
-- Dumping data for table `log_entry`
--

INSERT INTO `log_entry` (`id`, `unique_id`, `log_code_id`, `text`, `created`, `instance_id`) VALUES
(1, '4345344', 5, '', '2013-04-24 06:18:46', 1),
(2, '4345344', 5, '', '2013-04-24 06:25:31', 1),
(3, '4345344', 5, '', '2013-04-24 06:27:38', 1),
(4, '4345344', 5, '', '2013-06-13 04:49:46', 11),
(5, '4345344', 5, '', '2013-06-13 04:53:49', 11),
(6, '4345344', 5, '', '2013-06-13 05:08:41', 11),
(7, '10133382', 1, '', '2013-07-02 01:34:43', 11),
(8, '10133382', 5, '', '2013-07-02 01:39:19', 11),
(9, '10133382', 1, '', '2013-07-02 01:54:30', 11),
(10, '4345344', 1, '', '2013-07-02 02:06:06', 11),
(11, '4345344', 5, '', '2013-07-02 05:05:13', 11),
(12, '10133382', 5, '', '2013-07-02 05:06:07', 11),
(13, '4345344', 1, '', '2013-07-03 01:55:32', 11),
(14, '4345344', 5, '', '2013-07-03 01:56:57', 11),
(15, '4345344', 1, '', '2013-07-03 02:11:48', 11),
(16, '4345344', 5, '', '2013-07-03 02:12:23', 11),
(17, '4345344', 1, '', '2013-07-03 02:27:11', 11),
(18, '4345344', 5, '', '2013-07-03 02:28:00', 11),
(19, '4345344', 1, '', '2013-07-03 02:39:26', 11),
(20, '4345344', 5, '', '2013-07-03 02:40:26', 11),
(21, '4345344', 1, '', '2013-07-03 02:46:45', 11),
(22, '4345344', 5, '', '2013-07-03 02:47:16', 11),
(23, '4345344', 1, '', '2013-07-03 03:00:34', 11),
(24, '4345344', 5, '', '2013-07-03 03:01:06', 11),
(25, '4345344', 1, '', '2013-07-03 03:23:05', 11),
(26, '4345344', 5, '', '2013-07-03 03:29:34', 11),
(27, '4345344', 1, '', '2013-07-03 03:33:01', 11),
(28, '4345344', 5, '', '2013-07-03 03:33:36', 11),
(29, '4345344', 1, '', '2013-07-03 03:35:41', 11),
(30, '4345344', 5, '', '2013-07-03 03:36:16', 11),
(31, '4345344', 1, '', '2013-07-03 03:37:51', 11),
(32, '4345344', 5, '', '2013-07-03 03:38:28', 11),
(33, '4345344', 1, '', '2013-07-03 03:40:05', 11),
(34, '4345344', 5, '', '2013-07-03 03:40:14', 11),
(35, '4345344', 1, '', '2013-07-03 03:41:50', 11),
(36, '4345344', 5, '', '2013-07-03 03:42:08', 11),
(37, '4345344', 1, '', '2013-07-03 05:01:50', 11),
(38, '4345344', 5, '', '2013-07-03 05:02:38', 11),
(39, '4345344', 1, '', '2013-07-03 05:19:09', 11),
(40, '4345344', 5, '', '2013-07-03 05:21:28', 11),
(41, '4345344', 1, '', '2013-07-03 06:17:18', 11),
(42, '4345344', 5, '', '2013-07-03 06:24:35', 11),
(43, '4345344', 1, '', '2013-07-03 06:41:33', 11),
(44, '4345344', 5, '', '2013-07-03 06:45:23', 11),
(45, '4345344', 1, '', '2013-07-03 07:47:36', 1),
(46, '4345344', 1, '', '2013-07-03 20:11:26', 11),
(47, '4345344', 5, '', '2013-07-03 20:27:56', 11),
(48, '4345344', 1, '', '2013-07-03 20:33:17', 11),
(49, '4345344', 5, '', '2013-07-03 20:38:22', 11),
(50, '4345344', 1, '', '2013-07-03 20:41:50', 11),
(51, '4345344', 5, '', '2013-07-03 20:47:23', 11),
(52, '4345344', 1, '', '2013-07-04 21:48:44', 11),
(53, '4345344', 5, '', '2013-07-04 21:55:47', 11),
(54, '4345344', 1, '', '2013-07-04 21:56:58', 11),
(55, '4345344', 5, '', '2013-07-04 21:57:56', 11),
(56, '4345344', 1, '', '2013-07-04 22:16:18', 11),
(57, '4345344', 5, '', '2013-07-04 22:17:22', 11),
(58, '4345344', 1, '', '2013-07-04 22:19:08', 11),
(59, '4345344', 5, '', '2013-07-04 22:20:13', 11),
(60, '4345344', 1, '', '2013-07-04 22:21:00', 11),
(61, '4345344', 5, '', '2013-07-04 22:22:02', 11),
(62, '4345344', 1, '', '2013-07-04 23:51:00', 11),
(63, '4345344', 5, '', '2013-07-04 23:59:56', 11),
(64, '4345344', 1, '', '2013-07-05 00:08:55', 11),
(65, '4345344', 5, '', '2013-07-05 00:10:10', 11),
(66, '4345344', 1, '', '2013-07-05 00:11:11', 11),
(67, '4345344', 5, '', '2013-07-05 00:11:46', 11),
(68, '4345344', 1, '', '2013-07-05 00:20:54', 11),
(69, '4345344', 5, '', '2013-07-05 00:21:53', 11),
(70, '4345344', 1, '', '2013-07-05 00:24:33', 11),
(71, '10133382', 1, '', '2013-07-05 00:25:47', 11),
(72, '4345344', 5, '', '2013-07-05 00:25:56', 11),
(73, '10133382', 5, '', '2013-07-05 00:27:36', 11),
(74, '4345344', 1, '', '2013-07-05 00:29:59', 11),
(75, '10133382', 1, '', '2013-07-05 00:30:57', 11),
(76, '4345344', 5, '', '2013-07-05 00:42:19', 11),
(77, '10133382', 5, '', '2013-07-05 00:43:21', 11);

-- --------------------------------------------------------

--
-- Table structure for table `migration_schema_log`
--

CREATE TABLE IF NOT EXISTS `migration_schema_log` (
  `id` int(11) unsigned NOT NULL AUTO_INCREMENT,
  `schema_name` varchar(255) NOT NULL,
  `event_time` timestamp NOT NULL DEFAULT CURRENT_TIMESTAMP,
  `old_version` varchar(255) NOT NULL,
  `new_version` varchar(255) NOT NULL,
  PRIMARY KEY (`id`)
) ENGINE=InnoDB  DEFAULT CHARSET=utf8 AUTO_INCREMENT=50 ;

--
-- Dumping data for table `migration_schema_log`
--

INSERT INTO `migration_schema_log` (`id`, `schema_name`, `event_time`, `old_version`, `new_version`) VALUES
(1, 'Reality', '2013-04-24 06:09:08', '0.000000', '0.010000'),
(2, 'Reality', '2013-04-24 06:09:09', '0.010000', '0.020000'),
(3, 'Reality', '2013-04-24 06:09:09', '0.020000', '0.030000'),
(4, 'Reality', '2013-04-24 06:09:09', '0.030000', '0.040000'),
(5, 'Reality', '2013-04-24 06:09:09', '0.040000', '0.050000'),
(6, 'Reality', '2013-04-24 06:09:10', '0.050000', '0.060000'),
(7, 'Reality', '2013-04-24 06:09:10', '0.060000', '0.070000'),
(8, 'Reality', '2013-04-24 06:09:11', '0.070000', '0.080000'),
(9, 'Reality', '2013-04-24 06:09:11', '0.080000', '0.090000'),
(10, 'Reality', '2013-04-24 06:09:11', '0.090000', '0.100000'),
(11, 'Reality', '2013-04-24 06:09:11', '0.100000', '0.110000'),
(12, 'Reality', '2013-04-24 06:09:11', '0.110000', '0.120000'),
(13, 'Reality', '2013-04-24 06:09:12', '0.120000', '0.130000'),
(14, 'Reality', '2013-04-24 06:09:12', '0.130000', '0.140000'),
(15, 'Reality', '2013-04-24 06:09:12', '0.140000', '0.150000'),
(16, 'Reality', '2013-04-24 06:09:12', '0.150000', '0.160000'),
(17, 'Reality', '2013-04-24 06:09:12', '0.160000', '0.170000'),
(18, 'Reality', '2013-04-24 06:09:12', '0.170000', '0.180000'),
(19, 'Reality', '2013-04-24 06:09:13', '0.180000', '0.190000'),
(20, 'Reality', '2013-04-24 06:09:14', '0.190000', '0.200000'),
(21, 'Reality', '2013-04-24 06:09:16', '0.200000', '0.210000'),
(22, 'Reality', '2013-04-24 06:09:16', '0.210000', '0.220000'),
(23, 'Reality', '2013-04-24 06:09:16', '0.220000', '0.230000'),
(24, 'Reality', '2013-04-24 06:09:16', '0.230000', '0.240000'),
(25, 'Reality', '2013-04-24 06:09:16', '0.240000', '0.250000'),
(26, 'Reality', '2013-04-24 06:09:16', '0.250000', '0.260000'),
(27, 'Reality', '2013-04-24 06:09:17', '0.260000', '0.270000'),
(28, 'Reality', '2013-04-24 06:09:17', '0.270000', '0.280000'),
(29, 'Reality', '2013-04-24 06:09:18', '0.280000', '0.290000'),
(30, 'Reality', '2013-04-24 06:09:18', '0.290000', '0.300000'),
(31, 'Reality', '2013-04-24 06:09:18', '0.300000', '0.310000'),
(32, 'Reality', '2013-04-24 06:09:18', '0.310000', '0.320000'),
(33, 'Reality', '2013-04-24 06:09:18', '0.320000', '0.330000'),
(34, 'Reality', '2013-04-24 06:09:18', '0.330000', '0.340000'),
(35, 'Reality', '2013-04-24 06:09:18', '0.340000', '0.350000'),
(36, 'Reality', '2013-04-24 06:09:18', '0.350000', '0.360000'),
(37, 'Reality', '2013-04-24 06:09:18', '0.360000', '0.370000'),
(38, 'Reality', '2013-04-24 06:09:18', '0.370000', '0.380000'),
(39, 'Reality', '2013-04-24 06:09:18', '0.380000', '0.390000');

-- --------------------------------------------------------

--
-- Table structure for table `migration_schema_version`
--

CREATE TABLE IF NOT EXISTS `migration_schema_version` (
  `name` varchar(255) NOT NULL,
  `version` varchar(255) NOT NULL,
  PRIMARY KEY (`name`)
) ENGINE=InnoDB DEFAULT CHARSET=utf8;

--
-- Dumping data for table `migration_schema_version`
--

INSERT INTO `migration_schema_version` (`name`, `version`) VALUES
('Reality', '0.450000');

-- --------------------------------------------------------

--
-- Table structure for table `profile`
--

CREATE TABLE IF NOT EXISTS `profile` (
  `id` int(11) unsigned NOT NULL AUTO_INCREMENT,
  `unique_id` varchar(128) NOT NULL,
  `name` varchar(64) NOT NULL DEFAULT '',
  `humanity` int(6) NOT NULL DEFAULT '2500',
  `survival_attempts` int(3) unsigned NOT NULL DEFAULT '1',
  `total_survival_time` int(5) unsigned NOT NULL DEFAULT '0',
  `total_survivor_kills` int(4) unsigned NOT NULL DEFAULT '0',
  `total_bandit_kills` int(4) unsigned NOT NULL DEFAULT '0',
  `total_zombie_kills` int(5) unsigned NOT NULL DEFAULT '0',
  `total_headshots` int(5) unsigned NOT NULL DEFAULT '0',
  PRIMARY KEY (`id`),
  UNIQUE KEY `uq_profile` (`unique_id`)
) ENGINE=InnoDB  DEFAULT CHARSET=utf8 AUTO_INCREMENT=3 ;

-- --------------------------------------------------------

--
-- Table structure for table `survivor`
--

CREATE TABLE IF NOT EXISTS `survivor` (
  `id` int(8) unsigned NOT NULL AUTO_INCREMENT,
  `unique_id` varchar(128) NOT NULL,
  `world_id` smallint(5) unsigned NOT NULL DEFAULT '1',
  `worldspace` varchar(60) NOT NULL DEFAULT '[]',
  `inventory` varchar(2048) NOT NULL DEFAULT '[]',
  `backpack` varchar(2048) NOT NULL DEFAULT '[]',
  `medical` varchar(255) NOT NULL DEFAULT '[false,false,false,false,false,false,false,12000,[],[0,0],0]',
  `is_dead` tinyint(3) unsigned NOT NULL DEFAULT '0',
  `model` varchar(128) NOT NULL DEFAULT 'Survivor2_DZ',
  `state` varchar(128) NOT NULL DEFAULT '["","aidlpercmstpsnonwnondnon_player_idlesteady04",36]',
  `survivor_kills` int(3) unsigned NOT NULL DEFAULT '0',
  `bandit_kills` int(3) unsigned NOT NULL DEFAULT '0',
  `zombie_kills` int(4) unsigned NOT NULL DEFAULT '0',
  `headshots` int(4) unsigned NOT NULL DEFAULT '0',
  `last_ate` int(3) unsigned NOT NULL DEFAULT '0',
  `last_drank` int(3) unsigned NOT NULL DEFAULT '0',
  `survival_time` int(3) unsigned NOT NULL DEFAULT '0',
  `last_updated` timestamp NOT NULL DEFAULT CURRENT_TIMESTAMP ON UPDATE CURRENT_TIMESTAMP,
  `start_time` datetime NOT NULL,
  `DistanceFoot` int(50) NOT NULL DEFAULT '0',
  PRIMARY KEY (`id`),
  KEY `idx1_main` (`unique_id`)
) ENGINE=InnoDB  DEFAULT CHARSET=utf8 AUTO_INCREMENT=4 ;

-- --------------------------------------------------------

--
-- Table structure for table `vehicle`
--

CREATE TABLE IF NOT EXISTS `vehicle` (
  `id` smallint(5) unsigned NOT NULL AUTO_INCREMENT,
  `class_name` varchar(100) DEFAULT NULL,
  `damage_min` decimal(4,3) NOT NULL DEFAULT '0.100',
  `damage_max` decimal(4,3) NOT NULL DEFAULT '0.700',
  `fuel_min` decimal(4,3) NOT NULL DEFAULT '0.200',
  `fuel_max` decimal(4,3) NOT NULL DEFAULT '0.800',
  `limit_min` tinyint(3) unsigned NOT NULL DEFAULT '0',
  `limit_max` tinyint(3) unsigned NOT NULL DEFAULT '0',
  `parts` varchar(1024) DEFAULT NULL,
  `inventory` varchar(2048) NOT NULL DEFAULT '[]',
  PRIMARY KEY (`id`),
  UNIQUE KEY `uq1_vehicle` (`class_name`),
  KEY `idx1_vehicle` (`class_name`)
) ENGINE=InnoDB  DEFAULT CHARSET=utf8 AUTO_INCREMENT=136 ;

--
-- Dumping data for table `vehicle`
--

INSERT INTO `vehicle` (`id`, `class_name`, `damage_min`, `damage_max`, `fuel_min`, `fuel_max`, `limit_min`, `limit_max`, `parts`, `inventory`) VALUES
(1, 'UAZ_Unarmed_TK_EP1', '0.100', '0.700', '0.200', '0.800', 0, 5, 'palivo,motor,karoserie,wheel_1_1_steering,wheel_1_2_steering,wheel_2_1_steering,wheel_2_2_steering', '[[[], []], [["20Rnd_762x51_DMR"], [5]], [[], []]]'),
(2, 'UAZ_Unarmed_TK_CIV_EP1', '0.100', '0.700', '0.200', '0.800', 0, 3, 'palivo,motor,karoserie,wheel_1_1_steering,wheel_1_2_steering,wheel_2_1_steering,wheel_2_2_steering', '[[[], []], [["10Rnd_127x99_m107"], [5]], [[], []]]'),
(3, 'UAZ_Unarmed_UN_EP1', '0.100', '0.700', '0.200', '0.800', 0, 2, 'palivo,motor,karoserie,wheel_1_1_steering,wheel_1_2_steering,wheel_2_1_steering,wheel_2_2_steering', '[[[], []], [["30Rnd_556x45_StanagSD"], [5]], [[], []]]'),
(4, 'UAZ_RU', '0.100', '0.700', '0.200', '0.800', 0, 5, 'palivo,motor,karoserie,wheel_1_1_steering,wheel_1_2_steering,wheel_2_1_steering,wheel_2_2_steering', '[[[], []], [["HandGrenade_west"], [5]], [[], []]]'),
(5, 'ATV_US_EP1', '0.100', '0.700', '0.200', '0.800', 0, 4, 'palivo,motor,karoserie,wheel_1_1_steering,wheel_1_2_steering,wheel_2_1_steering,wheel_2_2_steering', '[[[], []], [["ItemTent", "ItemMatchbox"], [1, 1]], [[], []]]'),
(6, 'ATV_CZ_EP1', '0.100', '0.700', '0.200', '0.800', 0, 5, 'palivo,motor,karoserie,wheel_1_1_steering,wheel_1_2_steering,wheel_2_1_steering,wheel_2_2_steering', '[[[], []], [["Skin_Camo1_DZ", "ItemCompass"], [1, 1]], [[], []]]'),
(7, 'SkodaBlue', '0.100', '0.700', '0.200', '0.800', 0, 5, 'palivo,motor,karoserie,wheel_1_1_steering,wheel_1_2_steering,wheel_2_1_steering,wheel_2_2_steering', '[[[], []], [["ItemWatch", "ItemKnife"], [1, 1]], [[], []]]'),
(8, 'Skoda', '0.100', '0.700', '0.200', '0.800', 0, 2, 'palivo,motor,karoserie,wheel_1_1_steering,wheel_1_2_steering,wheel_2_1_steering,wheel_2_2_steering', '[[["Binocular"], [1]], [[], []], [["CZ_VestPouch_EP1"], [1]]]'),
(9, 'SkodaGreen', '0.100', '0.700', '0.200', '0.800', 0, 3, 'palivo,motor,karoserie,wheel_1_1_steering,wheel_1_2_steering,wheel_2_1_steering,wheel_2_2_steering', '[[[], []], [["ItemMatchbox", "ItemMap"], [1, 1]], [[], []]]'),
(10, 'TT650_Ins', '0.100', '0.700', '0.200', '0.800', 0, 4, 'motor', '[[[], []], [["ItemJerrycan"], [1]], [[], []]]'),
(11, 'TT650_TK_EP1', '0.100', '0.700', '0.200', '0.800', 0, 5, 'motor', '[[[], []], [["PartGeneric"], [1]], [[], []]]'),
(12, 'TT650_TK_CIV_EP1', '0.100', '0.700', '0.200', '0.800', 0, 2, 'motor', '[[[], []], [["PartWheel"], [1]], [[], []]]'),
(13, 'Old_bike_TK_CIV_EP1', '0.000', '0.000', '0.000', '0.000', 5, 5, NULL, '[]'),
(14, 'Old_bike_TK_INS_EP1', '0.000', '0.000', '0.000', '0.000', 5, 5, NULL, '[]'),
(15, 'UH1H_DZ', '0.100', '0.700', '0.200', '0.800', 0, 5, 'motor,elektronika,mala vrtule,velka vrtule', '[[[], []], [["ItemSodaCoke"], [5]], [[], []]]'),
(16, 'hilux1_civil_3_open', '0.100', '0.700', '0.200', '0.800', 0, 5, 'palivo,motor,karoserie,wheel_1_1_steering,wheel_1_2_steering,wheel_2_1_steering,wheel_2_2_steering', '[[[], []], [["PartFueltank", "PartWheel"], [1, 1]], [[], []]]'),
(17, 'Ikarus_TK_CIV_EP1', '0.100', '0.700', '0.200', '0.800', 0, 3, 'palivo,motor,karoserie,wheel_1_1_steering,wheel_1_2_steering,wheel_2_1_steering,wheel_2_2_steering', '[[[], []], [["ItemWatch", "ItemSodaPepsi"], [1, 3]], [[], []]]'),
(18, 'Ikarus', '0.100', '0.700', '0.200', '0.800', 0, 3, 'palivo,motor,karoserie,wheel_1_1_steering,wheel_1_2_steering,wheel_2_1_steering,wheel_2_2_steering', '[[[], []], [["PartWheel", "ItemSodaCoke"], [1, 3]], [[], []]]'),
(19, 'Tractor', '0.100', '0.700', '0.200', '0.800', 0, 1, 'palivo,motor,karoserie,wheel_1_1_steering,wheel_1_2_steering,wheel_2_1_steering,wheel_2_2_steering', '[[[], []], [["ItemWire", "ItemJerrycan"], [1, 1]], [[], []]]'),
(20, 'S1203_TK_CIV_EP1', '0.100', '0.700', '0.200', '0.800', 0, 2, 'palivo,motor,karoserie,wheel_1_1_steering,wheel_1_2_steering,wheel_2_1_steering,wheel_2_2_steering', '[[["Makarov"], [1]], [["FoodCanBakedBeans"], [3]], [[], []]]'),
(21, 'V3S_Civ', '0.100', '0.700', '0.200', '0.800', 1, 1, 'palivo,motor,karoserie,wheel_1_1_steering,wheel_1_2_steering,wheel_2_1_steering,wheel_2_2_steering', '[[["MR43"], [1]], [["PartEngine"], [1]], [[], []]]'),
(22, 'UralCivil', '0.100', '0.700', '0.200', '0.800', 1, 1, 'palivo,motor,karoserie,wheel_1_1_steering,wheel_1_2_steering,wheel_2_1_steering,wheel_2_2_steering', '[[[], []], [["PartWheel", "ItemToolbox", "ItemTankTrap"], [1, 1, 1]], [[], []]]'),
(23, 'car_hatchback', '0.100', '0.700', '0.200', '0.800', 0, 5, 'palivo,motor,karoserie,wheel_1_1_steering,wheel_1_2_steering,wheel_2_1_steering,wheel_2_2_steering', '[[["LeeEnfield"], [1]], [["5x_22_LR_17_HMR"], [3]], [[], []]]'),
(24, 'Fishing_Boat', '0.100', '0.700', '0.200', '0.800', 0, 5, 'motor', '[]'),
(25, 'PBX', '0.100', '0.700', '0.200', '0.800', 1, 1, 'motor', '[[[], []], [["ItemFlashlightRed"], [1]], [["DZ_Backpack_EP1"], [1]]]'),
(26, 'Smallboat_1', '0.100', '0.700', '0.200', '0.800', 0, 3, 'motor', '[]'),
(27, 'Volha_2_TK_CIV_EP1', '0.100', '0.700', '0.200', '0.800', 0, 4, 'palivo,motor,karoserie,wheel_1_1_steering,wheel_1_2_steering,wheel_2_1_steering,wheel_2_2_steering', '[[[], []], [["ItemSodaPepsi", "FoodCanFrankBeans"], [3, 3]], [[], []]]'),
(28, 'Volha_1_TK_CIV_EP1', '0.100', '0.700', '0.200', '0.800', 0, 1, 'palivo,motor,karoserie,wheel_1_1_steering,wheel_1_2_steering,wheel_2_1_steering,wheel_2_2_steering', '[[[], []], [["ItemSodaCoke", "FoodCanBakedBeans"], [3, 3]], [[], []]]'),
(29, 'SUV_TK_CIV_EP1', '0.100', '0.700', '0.200', '0.800', 1, 1, 'palivo,motor,karoserie,wheel_1_1_steering,wheel_1_2_steering,wheel_2_1_steering,wheel_2_2_steering', '[[[], []], [["Pipebomb"], [1]], [[], []]]'),
(30, 'car_sedan', '0.100', '0.700', '0.200', '0.800', 0, 2, 'palivo,motor,karoserie,wheel_1_1_steering,wheel_1_2_steering,wheel_2_1_steering,wheel_2_2_steering', '[[[], []], [["ItemFlashlight", "ItemMap"], [1, 1]], [["DZ_ALICE_Pack_EP1"], [1]]]'),
(31, 'hilux1_civil_3_open_EP1', '0.100', '0.700', '0.200', '0.800', 0, 3, 'palivo,motor,karoserie,wheel_1_1_steering,wheel_1_2_steering,wheel_2_1_steering,wheel_2_2_steering', '[[[], []], [["PartEngine", "ItemJerrycan"], [1, 1]], [[], []]]'),
(32, 'UralCivil2', '0.100', '0.700', '0.200', '0.800', 1, 1, 'palivo,motor,karoserie,wheel_1_1_steering,wheel_1_2_steering,wheel_2_1_steering,wheel_2_2_steering', '[[[], []], [["PartVRotor", "ItemMorphine", "FoodCanPasta"], [1, 1, 1]], [[], []]]'),
(33, 'LandRover_CZ_EP1', '0.100', '0.700', '0.200', '0.800', 0, 3, 'palivo,motor,karoserie,wheel_1_1_steering,wheel_1_2_steering,wheel_2_1_steering,wheel_2_2_steering', '[[["AK_47_M"], [1]], [["ItemPainkiller"], [1]], [[], []]]'),
(34, 'Ka60_GL_NAC', '0.100', '0.700', '0.200', '0.800', 1, 1, 'motor,elektronika,mala vrtule,velka vrtule', '[]'),
(35, 'Mi17_Civilian_Nam', '0.100', '0.700', '0.200', '0.800', 1, 1, 'motor,elektronika,mala vrtule,velka vrtule', '[]'),
(36, 'BW_Ikarus1', '0.100', '0.700', '0.200', '0.800', 0, 5, 'palivo,motor,karoserie,wheel_1_1_steering,wheel_1_2_steering,wheel_2_1_steering,wheel_2_2_steering', '[]'),
(37, 'BW_Ikarus2', '0.100', '0.700', '0.200', '0.800', 0, 5, 'palivo,motor,karoserie,wheel_1_1_steering,wheel_1_2_steering,wheel_2_1_steering,wheel_2_2_steering', '[]'),
(38, 'kpfs_golf_g', '0.100', '0.700', '0.200', '0.800', 0, 5, 'palivo,motor,karoserie,wheel_1_1_steering,wheel_1_2_steering,wheel_2_1_steering,wheel_2_2_steering', '[]'),
(39, 'kpfs_golf_p', '0.100', '0.700', '0.200', '0.800', 0, 5, 'palivo,motor,karoserie,wheel_1_1_steering,wheel_1_2_steering,wheel_2_1_steering,wheel_2_2_steering', '[]'),
(40, 'kpfs_golf_post', '0.100', '0.700', '0.200', '0.800', 0, 5, 'palivo,motor,karoserie,wheel_1_1_steering,wheel_1_2_steering,wheel_2_1_steering,wheel_2_2_steering', '[]'),
(41, 'kpfs_golf_tk', '0.100', '0.700', '0.200', '0.800', 0, 5, 'palivo,motor,karoserie,wheel_1_1_steering,wheel_1_2_steering,wheel_2_1_steering,wheel_2_2_steering', '[]'),
(42, 'Lada1_GDR', '0.100', '0.700', '0.200', '0.800', 0, 5, 'palivo,motor,karoserie,wheel_1_1_steering,wheel_1_2_steering,wheel_2_1_steering,wheel_2_2_steering', '[]'),
(43, 'Lada2_GDR', '0.100', '0.700', '0.200', '0.800', 0, 5, 'palivo,motor,karoserie,wheel_1_1_steering,wheel_1_2_steering,wheel_2_1_steering,wheel_2_2_steering', '[]'),
(44, 'Lada2_TK_CIV_EP1', '0.100', '0.700', '0.200', '0.800', 0, 5, 'palivo,motor,karoserie,wheel_1_1_steering,wheel_1_2_steering,wheel_2_1_steering,wheel_2_2_steering', '[]'),
(45, 'Lada4_GDR', '0.100', '0.700', '0.200', '0.800', 0, 5, 'palivo,motor,karoserie,wheel_1_1_steering,wheel_1_2_steering,wheel_2_1_steering,wheel_2_2_steering', '[]'),
(46, 'Lada5_GDR', '0.100', '0.700', '0.200', '0.800', 0, 5, 'palivo,motor,karoserie,wheel_1_1_steering,wheel_1_2_steering,wheel_2_1_steering,wheel_2_2_steering', '[]'),
(47, 'TT650_Civ', '0.100', '0.700', '0.200', '0.800', 0, 5, 'palivo,motor,karoserie,wheel_1_1_steering,wheel_1_2_steering,wheel_2_1_steering,wheel_2_2_steering', '[]'),
(48, 'TT650_Gue', '0.100', '0.700', '0.200', '0.800', 0, 5, 'palivo,motor,karoserie,wheel_1_1_steering,wheel_1_2_steering,wheel_2_1_steering,wheel_2_2_steering', '[]'),
(49, 'MTVR', '0.100', '0.700', '0.200', '0.800', 0, 5, 'palivo,motor,karoserie,wheel_1_1_steering,wheel_1_2_steering,wheel_2_1_steering,wheel_2_2_steering', '[]'),
(50, 'M1030_US_DES_EP1', '0.100', '0.700', '0.200', '0.800', 0, 5, 'palivo,motor,karoserie,wheel_1_1_steering,wheel_1_2_steering,wheel_2_1_steering,wheel_2_2_steering', '[]'),
(51, 'smallboat_2', '0.100', '0.700', '0.200', '0.800', 0, 5, 'motor', '[]'),
(52, 'Post_bike_E', '0.100', '0.700', '0.200', '0.800', 0, 5, NULL, '[]'),
(53, 'AH6X_DZ', '0.200', '0.800', '0.500', '0.700', 0, 1, NULL, '[]'),
(54, 'Mi17_DZ', '0.300', '0.900', '0.500', '0.700', 0, 1, NULL, '[]'),
(55, 'AN2_DZ', '0.600', '0.900', '0.200', '0.500', 0, 1, NULL, '[]'),
(56, 'BAF_Offroad_D', '0.000', '0.800', '0.300', '0.600', 0, 1, NULL, '[]'),
(57, 'BAF_Offroad_W', '0.000', '0.800', '0.300', '0.600', 0, 1, NULL, '[]'),
(58, 'datsun1_civil_3_open', '0.050', '0.050', '0.000', '0.500', 0, 2, 'motor,karoserie,palivo,wheel_1_1_steering,wheel_2_1_steering,wheel_1_2_steering,wheel_2_2_steering,sklo predni P,sklo predni L,glass1,glass2,glass3', '[]'),
(59, 'Fishing_Boat_DZ', '0.050', '0.050', '0.000', '0.500', 0, 1, 'motor', '[]'),
(60, 'PBX_DZ', '0.050', '0.050', '0.000', '0.500', 0, 2, 'motor', '[]'),
(61, 'An2_2_TK_CIV_EP1_DZ', '0.050', '0.050', '0.000', '0.500', 0, 2, NULL, '[]'),
(62, 'datsun1_civil_2_covered', '0.050', '0.050', '0.000', '0.500', 0, 1, 'motor,karoserie,palivo,wheel_1_1_steering,wheel_2_1_steering,wheel_1_2_steering,wheel_2_2_steering,sklo predni P,sklo predni L,glass1,glass2,glass3', '[]'),
(63, 'GAZ_Vodnik', '0.050', '0.050', '0.000', '0.500', 0, 0, 'motor,karoserie,palivo,wheel_1_1_steering,wheel_2_1_steering,wheel_1_2_steering,wheel_2_2_steering,sklo predni P,sklo predni L,glass1,glass2,glass3', '[]'),
(64, 'hilux1_civil_1_open', '0.050', '0.050', '0.000', '0.500', 0, 4, 'motor,karoserie,palivo,wheel_1_1_steering,wheel_2_1_steering,wheel_1_2_steering,wheel_2_2_steering,sklo predni P,sklo predni L,glass1,glass2,glass3', '[]'),
(65, 'hilux1_civil_2_covered', '0.050', '0.050', '0.000', '0.500', 0, 4, 'motor,karoserie,palivo,wheel_1_1_steering,wheel_2_1_steering,wheel_1_2_steering,wheel_2_2_steering,sklo predni P,sklo predni L,glass1,glass2,glass3', '[]'),
(66, 'Lada', '0.050', '0.050', '0.000', '0.500', 0, 0, 'motor,karoserie,palivo,wheel_1_1_steering,wheel_2_1_steering,wheel_1_2_steering,wheel_2_2_steering,sklo predni P,sklo predni L,glass1,glass2,glass3', '[]'),
(67, 'Lada1', '0.050', '0.050', '0.000', '0.500', 0, 1, 'motor,karoserie,palivo,wheel_1_1_steering,wheel_2_1_steering,wheel_1_2_steering,wheel_2_2_steering,sklo predni P,sklo predni L,glass1,glass2,glass3', '[]'),
(68, 'Lada1_TK_CIV_EP1', '0.050', '0.050', '0.000', '0.500', 0, 3, 'motor,karoserie,palivo,wheel_1_1_steering,wheel_2_1_steering,wheel_1_2_steering,wheel_2_2_steering,sklo predni P,sklo predni L,glass1,glass2,glass3', '[]'),
(69, 'LadaLM', '0.050', '0.050', '0.000', '0.500', 0, 10, 'motor,karoserie,palivo,wheel_1_1_steering,wheel_2_1_steering,wheel_1_2_steering,wheel_2_2_steering,sklo predni P,sklo predni L,glass1,glass2,glass3', '[]'),
(70, 'LandRover_TK_CIV_EP1', '0.050', '0.050', '0.000', '0.500', 0, 2, 'motor,karoserie,palivo,wheel_1_1_steering,wheel_2_1_steering,wheel_1_2_steering,wheel_2_2_steering,sklo predni P,sklo predni L,glass1,glass2,glass3', '[]'),
(71, 'Mi17_Civilian_DZ', '0.050', '0.050', '0.000', '0.500', 0, 4, 'motor,karoserie,palivo,elektronika,mala vrtule,velka vrtule,sklo predni P,sklo predni L,glass1,glass3', '[]'),
(72, 'Mi17_medevac_RU_DZ', '0.050', '0.050', '0.000', '0.500', 0, 2, 'motor,karoserie,palivo,elektronika,mala vrtule,velka vrtule,sklo predni P,sklo predni L,glass1,glass3', '[]'),
(73, 'MMT_Civ', '0.050', '0.050', '0.000', '0.500', 0, 10, NULL, '[]'),
(74, 'Old_moto_TK_Civ_EP1', '0.050', '0.050', '0.000', '0.500', 0, 4, 'motor,karoserie,palivo,wheel_1_1_steering,wheel_2_1_steering,wheel_1_2_steering,wheel_2_2_steering,sklo predni P,sklo predni L,glass1,glass2,glass3', '[]'),
(75, 'RHIB2Turret_DZ', '0.050', '0.050', '0.000', '0.500', 0, 1, 'motor', '[]'),
(76, 'S1203_ambulance_EP1', '0.050', '0.050', '0.000', '0.500', 0, 5, 'motor,karoserie,palivo,wheel_1_1_steering,wheel_2_1_steering,wheel_1_2_steering,wheel_2_2_steering,sklo predni P,sklo predni L,glass1,glass2,glass3', '[]'),
(77, 'SkodaRed', '0.050', '0.050', '0.000', '0.500', 0, 2, 'motor,karoserie,palivo,wheel_1_1_steering,wheel_2_1_steering,wheel_1_2_steering,wheel_2_2_steering,sklo predni P,sklo predni L,glass1,glass2,glass3', '[]'),
(78, 'Smallboat_1_DZ', '0.050', '0.050', '0.000', '0.500', 0, 0, 'motor', '[]'),
(79, 'Smallboat_2_DZ', '0.050', '0.050', '0.000', '0.500', 0, 0, 'motor', '[]'),
(80, 'TowingTractor', '0.050', '0.050', '0.000', '0.500', 0, 1, 'motor,karoserie,palivo,wheel_1_1_steering,wheel_2_1_steering,wheel_1_2_steering,wheel_2_2_steering,sklo predni P,sklo predni L,glass1,glass2,glass3', '[]'),
(81, 'VWGolf', '0.050', '0.050', '0.000', '0.500', 0, 3, 'motor,karoserie,palivo,wheel_1_1_steering,wheel_2_1_steering,wheel_1_2_steering,wheel_2_2_steering,sklo predni P,sklo predni L,glass1,glass2,glass3', '[]'),
(82, 'VolhaLimo_TK_CIV_EP1', '0.050', '0.050', '0.000', '0.500', 0, 6, 'motor,karoserie,palivo,wheel_1_1_steering,wheel_2_1_steering,wheel_1_2_steering,wheel_2_2_steering,sklo predni P,sklo predni L,glass1,glass2,glass3', '[]'),
(88, 'UralRefuel_INS', '0.100', '0.700', '0.200', '0.800', 0, 5, 'palivo,motor,karoserie,wheel_1_1_steering,wheel_1_2_steering,wheel_2_1_steering,wheel_2_2_steering', '[]'),
(89, 'Ural_INS', '0.100', '0.700', '0.200', '0.800', 0, 20, 'palivo,motor,karoserie,wheel_1_1_steering,wheel_1_2_steering,wheel_2_1_steering,wheel_2_2_steering', '[]'),
(90, 'HMMWV_DES_EP1', '0.100', '0.700', '0.200', '0.800', 0, 5, NULL, '[[[], []], [["Pipebomb"], [3]], [[], []]]'),
(91, 'C130J', '0.100', '0.700', '0.200', '0.800', 0, 5, NULL, '[]'),
(92, 'MH6J_DZ', '0.100', '0.500', '0.000', '0.500', 0, 1, 'motor,elektronika,mala vrtule,velka vrtule', '[[[],[]],[["1Rnd_Smoke_M203", "7Rnd_45ACP_1911", "30Rnd_556x45_StanagSD", "200Rnd_556x45_M249", "FoodCanPasta", "15Rnd_W1866_Slug", "5x_22_LR_17_HMR", "15Rnd_9x19_M9SD", "17Rnd_9x19_glock17", "100Rnd_762x51_M240", "6Rnd_45ACP", "8Rnd_9x18_Makarov"],[]],[["DZ_Backpack_EP1"],[]]]'),
(93, 'HMMWV_DZ', '0.300', '0.900', '0.300', '0.700', 0, 5, 'palivo,motor,karoserie,wheel_1_1_steering,wheel_1_2_steering,wheel_2_1_steering,wheel_2_2_steering', '[[["AK_47_M"],[]],[["PartWoodPile", "ItemBandage", "HandGrenade_west", "6Rnd_45ACP", "ItemEpinephrine", "8Rnd_B_Beneli_74Slug", "HandChemBlue", "8Rnd_B_Beneli_Pellets", "PartEngine", "17Rnd_9x19_glock17", "ItemTent"],[]],[["DZ_CivilBackpack_EP1"],[]]]'),
(94, 'MV22_DZ', '0.100', '0.700', '0.200', '0.800', 0, 1, NULL, '[]'),
(95, 'Ka137_DZ', '0.100', '0.700', '0.200', '0.800', 0, 1, NULL, '[]'),
(96, 'ibr_as350lingor', '0.100', '0.700', '0.200', '0.800', 0, 1, NULL, '[]'),
(97, 'ibr_as350_pmc', '0.100', '0.700', '0.200', '0.800', 0, 1, NULL, '[]'),
(98, 'ibr_as350_pol', '0.100', '0.700', '0.200', '0.800', 0, 1, NULL, '[]'),
(99, 'JetSkiYanahui_Case_Yellow', '0.100', '0.700', '0.200', '0.800', 0, 1, NULL, '[]'),
(100, 'JetSkiYanahui_Case_Green', '0.100', '0.700', '0.200', '0.800', 0, 1, NULL, '[]'),
(101, 'JetSkiYanahui_Case_Blue', '0.100', '0.700', '0.200', '0.800', 0, 1, NULL, '[]'),
(102, 'JetSkiYanahui_Case_Red', '0.100', '0.700', '0.200', '0.800', 0, 1, NULL, '[]'),
(103, 'JetSkiYanahui_Yellow', '0.100', '0.700', '0.200', '0.800', 0, 1, NULL, '[]'),
(104, 'JetSkiYanahui_Green', '0.100', '0.700', '0.200', '0.800', 0, 1, NULL, '[]'),
(105, 'JetSkiYanahui_Blue', '0.100', '0.700', '0.200', '0.800', 0, 1, NULL, '[]'),
(106, 'JetSkiYanahui_Red', '0.100', '0.700', '0.200', '0.800', 0, 1, NULL, '[]'),
(107, 'SUV_SpecialSkaro', '0.100', '0.700', '0.200', '0.800', 0, 1, NULL, '[]'),
(108, 'C185_DZ', '0.100', '0.700', '0.200', '0.800', 0, 1, NULL, '[]'),
(109, 'C185F_DZ', '0.100', '0.700', '0.200', '0.800', 0, 1, NULL, '[]'),
(110, 'C185E_DZ', '0.100', '0.700', '0.200', '0.800', 0, 1, NULL, '[]'),
(111, 'SUV_DZ', '0.100', '0.700', '0.200', '0.800', 0, 1, NULL, '[]'),
(112, 'UH1Y', '0.100', '0.200', '0.200', '0.200', 0, 12, NULL, '[]'),
(113, 'KamazOpen', '0.100', '0.200', '0.200', '0.200', 0, 15, 'palivo,motor,karoserie,wheel_1_1_steering,wheel_1_2_steering,wheel_2_1_steering,wheel_2_2_steering', '[]'),
(114, 'USEC_Maule_M7_STD', '0.100', '0.200', '0.200', '0.200', 0, 10, NULL, '[]'),
(115, 'FokkerVII', '0.100', '0.200', '0.200', '0.200', 0, 10, NULL, '[]'),
(116, 'Offroad_DSHKM_DZ', '0.100', '0.200', '0.100', '0.100', 0, 10, 'palivo,motor,karoserie,wheel_1_1_steering,wheel_1_2_steering,wheel_2_1_steering,wheel_2_2_steering', '[]'),
(117, 'GAZ_Vodnik_DZ', '0.100', '0.200', '0.100', '0.100', 0, 10, 'palivo,motor,karoserie,wheel_1_1_steering,wheel_1_2_steering,wheel_2_1_steering,wheel_2_2_steering', '[]'),
(118, 'Pickup_PK_DZ', '0.100', '0.200', '0.100', '0.100', 0, 10, 'palivo,motor,karoserie,wheel_1_1_steering,wheel_1_2_steering,wheel_2_1_steering,wheel_2_2_steering', '[]'),
(119, 'kyo_Bravo_NovemberP82', '0.100', '0.200', '0.200', '0.200', 0, 10, NULL, '[]'),
(120, 'GAZ_Vodnik_MedEvac_DZ', '0.100', '0.200', '0.200', '0.200', 0, 10, 'palivo,motor,karoserie,wheel_1_1_steering,wheel_1_2_steering,wheel_2_1_steering,wheel_2_2_steering', '[]'),
(121, 'UH60M_DZ', '0.100', '0.200', '0.200', '0.200', 0, 10, NULL, '[]'),
(122, 'kyo_ultralight', '0.100', '0.200', '0.100', '0.100', 0, 10, NULL, '[]'),
(123, 'usec_bell206_2', '0.100', '0.200', '0.200', '0.200', 0, 10, NULL, '[]'),
(124, 'MTVR_DZ', '0.100', '0.200', '0.200', '0.200', 0, 10, 'palivo,motor,karoserie,wheel_1_1_steering,wheel_1_2_steering,wheel_2_1_steering,wheel_2_2_steering', '[]'),
(125, 'USEC_Maule_M7_SKI', '0.100', '0.200', '0.200', '0.200', 0, 10, NULL, '[]'),
(126, 'RHIB_DZ', '0.100', '0.200', '0.200', '0.200', 0, 10, NULL, '[]'),
(127, 'CH_47F_DZ', '0.100', '0.700', '0.200', '0.800', 0, 10, NULL, '[]'),
(128, 'datsun1_civil_1_open', '0.100', '0.700', '0.200', '0.800', 0, 10, NULL, '[]'),
(129, 'UAZ_CDF', '0.100', '0.700', '0.200', '0.800', 0, 10, NULL, '[]'),
(130, 'policecar', '0.100', '0.700', '0.200', '0.800', 0, 10, NULL, '[]'),
(131, 'Lada2', '0.100', '0.700', '0.200', '0.800', 0, 10, NULL, '[]'),
(132, 'UralOpen_INS', '0.100', '0.700', '0.200', '0.800', 0, 10, NULL, '[]'),
(133, 'Ural_CDF', '0.100', '0.700', '0.200', '0.800', 0, 10, NULL, '[]'),
(134, 'usec_bell206_3', '0.100', '0.700', '0.200', '0.800', 0, 10, NULL, '[]'),
(135, 'Offroad_DSHKM_DZ1', '0.100', '0.700', '0.200', '0.800', 0, 10, NULL, '[]');

-- --------------------------------------------------------

--
-- Stand-in structure for view `v_deployable`
--
CREATE TABLE IF NOT EXISTS `v_deployable` (
`instance_deployable_id` bigint(20) unsigned
,`vehicle_id` smallint(5) unsigned
,`class_name` varchar(100)
,`owner_id` int(8) unsigned
,`owner_name` varchar(64)
,`owner_unique_id` varchar(128)
,`is_owner_dead` tinyint(3) unsigned
,`worldspace` varchar(60)
,`inventory` varchar(2048)
);
-- --------------------------------------------------------

--
-- Stand-in structure for view `v_player`
--
CREATE TABLE IF NOT EXISTS `v_player` (
`player_name` varchar(64)
,`humanity` int(6)
,`alive_survivor_id` int(8) unsigned
,`alive_survivor_world_id` smallint(5) unsigned
);
-- --------------------------------------------------------

--
-- Stand-in structure for view `v_vehicle`
--
CREATE TABLE IF NOT EXISTS `v_vehicle` (
`instance_vehicle_id` bigint(20) unsigned
,`vehicle_id` smallint(5) unsigned
,`instance_id` bigint(20) unsigned
,`world_id` smallint(5) unsigned
,`class_name` varchar(100)
,`worldspace` varchar(60)
,`inventory` varchar(2048)
,`parts` varchar(1024)
,`damage` double
,`fuel` double
);
-- --------------------------------------------------------

--
-- Table structure for table `world`
--

CREATE TABLE IF NOT EXISTS `world` (
  `id` smallint(5) unsigned NOT NULL AUTO_INCREMENT,
  `name` varchar(32) NOT NULL DEFAULT '0',
  `max_x` mediumint(9) DEFAULT '0',
  `max_y` mediumint(9) DEFAULT '0',
  PRIMARY KEY (`id`),
  UNIQUE KEY `uq_world` (`name`),
  KEY `idx1_world` (`name`)
) ENGINE=InnoDB  DEFAULT CHARSET=utf8 AUTO_INCREMENT=12 ;

--
-- Dumping data for table `world`
--

INSERT INTO `world` (`id`, `name`, `max_x`, `max_y`) VALUES
(1, 'chernarus', 14700, 15360),
(2, 'lingor', 10000, 10000),
(3, 'utes', 5100, 5100),
(4, 'takistan', 14000, 14000),
(5, 'panthera2', 10200, 10200),
(6, 'fallujah', 10200, 10200),
(7, 'zargabad', 8000, 8000),
(8, 'namalsk', 12000, 12000),
(9, 'mbg_celle2', 13000, 13000),
(10, 'tavi', 25600, 25600),
(11, 'tavi-tact', 25600, 25600);

-- --------------------------------------------------------

--
-- Table structure for table `world_vehicle`
--

CREATE TABLE IF NOT EXISTS `world_vehicle` (
  `id` bigint(20) unsigned NOT NULL AUTO_INCREMENT,
  `vehicle_id` smallint(5) unsigned NOT NULL DEFAULT '1',
  `world_id` smallint(5) unsigned NOT NULL DEFAULT '1',
  `worldspace` varchar(60) NOT NULL DEFAULT '[]',
  `description` varchar(1024) DEFAULT NULL,
  `chance` decimal(4,3) unsigned NOT NULL DEFAULT '0.000',
  `last_modified` varchar(10) DEFAULT NULL,
  PRIMARY KEY (`id`),
  KEY `idx1_world_vehicle` (`vehicle_id`),
  KEY `idx2_world_vehicle` (`world_id`)
) ENGINE=InnoDB  DEFAULT CHARSET=utf8 AUTO_INCREMENT=1278 ;

--
-- Dumping data for table `world_vehicle`
--

INSERT INTO `world_vehicle` (`id`, `vehicle_id`, `world_id`, `worldspace`, `description`, `chance`, `last_modified`) VALUES
(1, 1, 1, '[0,[12140.168, 12622.802,0]]', NULL, '0.650', NULL),
(2, 2, 1, '[0,[6279.4966, 7810.3691,0]]', NULL, '0.650', NULL),
(3, 3, 1, '[45,[6865.2432,2481.6943,0]]', 'UAZ in Cherno.', '0.650', '0.19'),
(4, 4, 1, '[157,[3693.0386, 5969.1489,0]]', NULL, '0.650', NULL),
(5, 2, 1, '[20,[13264.081,12167.432,0]]', 'Black Lake UAZ.', '0.650', '0.19'),
(6, 2, 1, '[223,[4817.6572, 2556.5034,0]]', NULL, '0.650', NULL),
(7, 1, 1, '[337,[8120.3057,9305.4912,0]]', NULL, '0.650', '0.19'),
(8, 5, 1, '[337,[3312.2793,11270.755,0]]', NULL, '0.700', '0.19'),
(9, 5, 1, '[50,[3684.0366, 5999.0117,0]]', NULL, '0.700', NULL),
(10, 6, 1, '[202,[11464.035, 11381.071,0]]', NULL, '0.700', NULL),
(11, 5, 1, '[253,[11459.299,11386.546,0]]', NULL, '0.700', '0.19'),
(12, 6, 1, '[335,[8856.8359,2893.7903,0]]', NULL, '0.700', '0.19'),
(13, 7, 1, '[353,[12869.565,4450.4077,0]]', NULL, '0.650', '0.19'),
(14, 8, 1, '[223,[6288.416, 7834.3521,0]]', NULL, '0.650', NULL),
(15, 9, 1, '[306,[8125.7075,3166.3708,0]]', NULL, '0.650', '0.19'),
(16, 5, 1, '[284,[8854.9082,2891.5762,0]]', NULL, '0.700', '0.19'),
(17, 10, 1, '[291,[11945.78,9099.3633,0]]', NULL, '0.700', '0.19'),
(18, 11, 1, '[151,[6592.686,2906.8245,0]]', NULL, '0.700', '0.19'),
(19, 12, 1, '[372,[8762.8516, 11727.877,0]]', NULL, '0.700', NULL),
(20, 12, 1, '[52,[8713.4893, 7103.0518,0]]', NULL, '0.700', NULL),
(21, 13, 1, '[50,[8040.6777, 7086.5356,0]]', NULL, '0.950', NULL),
(22, 13, 1, '[316,[7943.5068,6988.1763,0]]', NULL, '0.950', '0.19'),
(23, 14, 1, '[201,[8070.6958, 3358.7793,0]]', NULL, '0.950', NULL),
(24, 14, 1, '[179,[3474.3989, 2562.4915,0]]', NULL, '0.950', NULL),
(25, 14, 1, '[236,[1773.9318,2351.6221,0]]', NULL, '0.950', '0.19'),
(26, 13, 1, '[236,[3699.9189,2474.2119,0]]', NULL, '0.950', '0.19'),
(27, 13, 1, '[73,[8350.0947, 2480.542,0]]', NULL, '0.950', NULL),
(28, 14, 1, '[35,[8345.7227, 2482.6855,0]]', NULL, '0.950', NULL),
(29, 13, 1, '[23,[3203.0916, 3988.6379,0]]', NULL, '0.950', NULL),
(30, 14, 1, '[191,[2782.7134,5285.5342,0]]', NULL, '0.950', '0.19'),
(31, 14, 1, '[155,[8680.75,2445.5315,0]]', NULL, '0.950', '0.19'),
(32, 13, 1, '[155,[12158.999,3468.7563,0]]', NULL, '0.950', '0.19'),
(33, 14, 1, '[250,[11984.01,3835.9231,0]]', NULL, '0.950', '0.19'),
(34, 13, 1, '[255,[10153.068,2219.3547,0]]', NULL, '0.950', '0.19'),
(35, 15, 1, '[60,[11279.154,4296.0205,0]]', 'UH1H at Rog Castle.', '0.250', '0.19'),
(36, 15, 1, '[133,[4211.8789,10735.168,0]]', NULL, '0.250', '0.19'),
(37, 15, 1, '[52,[6874.0503,11432.864,0]]', 'UH1H at Devil''s Castle.', '0.250', '0.19'),
(38, 15, 1, '[58,[10571.7,2220.3101,0.0015564]]', NULL, '0.250', '0.19'),
(39, 15, 1, '[359,[6377.8799,2757.8899,-0.048767101]]', NULL, '0.250', '0.19'),
(40, 16, 1, '[344,[2045.3989,7267.4165,0]]', NULL, '0.550', '0.19'),
(41, 16, 1, '[133,[8310.9902, 3348.3579,0]]', NULL, '0.550', NULL),
(42, 16, 1, '[124,[11309.963, 6646.3989,0]]', NULL, '0.550', NULL),
(43, 16, 1, '[6,[11240.744, 5370.6128,0]]', NULL, '0.550', NULL),
(44, 17, 1, '[230,[3762.5764,8736.1709,0]]', NULL, '0.550', '0.19'),
(45, 18, 1, '[279,[10628.433,8037.8188,0]]', NULL, '0.550', '0.19'),
(46, 18, 1, '[245,[4580.3203,4515.9282,0]]', NULL, '0.550', '0.19'),
(47, 17, 1, '[333,[6040.0923,7806.5439,0]]', NULL, '0.550', '0.19'),
(48, 18, 1, '[76,[10314.745, 2147.5374,0]]', NULL, '0.550', NULL),
(49, 17, 1, '[59,[6705.8887, 2991.9358,0]]', NULL, '0.550', NULL),
(50, 19, 1, '[195,[9681.8213,8947.2354,0]]', NULL, '0.750', '0.19'),
(51, 19, 1, '[262,[3825.1318,8941.4873,0]]', NULL, '0.750', '0.19'),
(52, 19, 1, '[19,[11246.52, 7534.7954,0]]', NULL, '0.750', NULL),
(53, 20, 1, '[19,[11066.828,7915.2275,0]]', NULL, '0.550', '0.19'),
(54, 20, 1, '[352,[12058.555,3577.8667,0]]', NULL, '0.550', '0.19'),
(55, 20, 1, '[218,[11940.854, 8872.8389,0]]', NULL, '0.550', NULL),
(56, 20, 1, '[346,[13386.471,6604.0098,0]]', NULL, '0.550', '0.19'),
(57, 21, 1, '[178,[13276.482, 6098.4463,0]]', NULL, '0.550', NULL),
(58, 22, 1, '[338,[1890.9952,12417.333,0]]', NULL, '0.550', '0.19'),
(59, 23, 1, '[226,[1975.1283, 9150.0195,0]]', NULL, '0.750', NULL),
(60, 23, 1, '[315,[7429.4849,5157.8682,0]]', NULL, '0.750', '0.19'),
(61, 24, 1, '[315,[8317.2676,2348.6055,0]]', NULL, '0.550', '0.19'),
(62, 24, 1, '[315,[13222.181,10015.431,0]]', NULL, '0.550', '0.19'),
(63, 25, 1, '[55,[13454.882, 13731.796,0]]', NULL, '0.550', NULL),
(64, 26, 1, '[245,[14417.589,12886.104,0]]', NULL, '0.550', '0.19'),
(65, 26, 1, '[268,[13098.13, 8250.8828,0]]', NULL, '0.550', NULL),
(66, 27, 1, '[205,[9731.1514,8937.7998,0]]', NULL, '0.550', '0.19'),
(67, 28, 1, '[337,[9715.0352,6522.8286,0]]', NULL, '0.550', '0.19'),
(68, 28, 1, '[241,[2614.0862,5079.6357,0]]', NULL, '0.550', '0.19'),
(69, 27, 1, '[18,[10827.634, 2701.5688,0]]', NULL, '0.550', NULL),
(70, 28, 1, '[222,[5165.7231,2375.7642,0]]', NULL, '0.550', '0.19'),
(71, 27, 1, '[207,[1740.8503,3622.6938,0]]', NULL, '0.550', '0.19'),
(72, 111, 1, '[266,[9157.8408, 11019.819,0]]', NULL, '0.450', NULL),
(73, 30, 1, '[222,[12360.468, 10817.882,0]]', NULL, '0.750', NULL),
(74, 1, 2, '[130,[13129.8,11560,0.0706997]]', NULL, '0.650', NULL),
(75, 2, 2, '[3,[7107.41,5825.43,0]]', NULL, '0.650', NULL),
(76, 3, 2, '[271,[6424,6777.25,0.00143909]]', NULL, '0.650', NULL),
(77, 4, 2, '[5,[4150.78,1426.02,0.0821762]]', NULL, '0.650', NULL),
(78, 2, 2, '[87,[2476.24,4105.05,0.00119781]]', NULL, '0.650', NULL),
(79, 2, 2, '[177,[4073.41,5156.29,0.00143814]]', NULL, '0.650', NULL),
(80, 111, 2, '[9,[6457.83,6660.57,0]]', NULL, '0.450', NULL),
(81, 5, 2, '[355,[6888.25,3147.13,0.00132751]]', NULL, '0.700', NULL),
(82, 5, 2, '[17,[5968.15,6595.98,0.00117016]]', NULL, '0.700', NULL),
(83, 6, 2, '[186,[3546.66,3740.02,0.00143433]]', NULL, '0.700', NULL),
(84, 5, 2, '[75,[3287.92,6434.28,0.00110245]]', NULL, '0.700', NULL),
(85, 6, 2, '[51,[5927.38,6616.12,0.00140476]]', NULL, '0.700', NULL),
(86, 7, 2, '[3,[5805.57,4727.47,0.00143814]]', NULL, '0.650', NULL),
(87, 8, 2, '[0,[6115.49,5859.39,0]]', NULL, '0.650', NULL),
(88, 15, 2, '[208,[1748.81,642.642,14.1062]]', NULL, '0.250', NULL),
(89, 5, 2, '[323,[1199.85,5270.49,10.8326]]', NULL, '0.700', NULL),
(90, 10, 2, '[267,[4080.74,1130.51,0.00143909]]', NULL, '0.700', NULL),
(91, 11, 2, '[-209,[6592.686, 2906.8245,0]]', NULL, '0.700', NULL),
(92, 12, 2, '[179,[5802.9,4712.73,0.00143814]]', NULL, '0.700', NULL),
(93, 12, 2, '[97,[4589.57,2616.75,0.00136948]]', NULL, '0.700', NULL),
(95, 32, 2, '[90,[6821.08,2497.89,0.00143909]]', NULL, '0.550', NULL),
(96, 33, 2, '[294,[3143.17,7997.26,0.00159264]]', NULL, '0.550', NULL),
(97, 14, 2, '[254,[3933.37,4220.77,0.00143433]]', NULL, '0.950', NULL),
(98, 14, 2, '[184,[3551.31,3739.72,0.0010376]]', NULL, '0.950', NULL),
(99, 31, 2, '[163,[5985.63,5351.37,0.00143909]]', NULL, '0.550', NULL),
(100, 13, 2, '[10,[8819.02,8023.86,0.00143814]]', NULL, '0.950', NULL),
(101, 14, 2, '[279,[5796.81,4688.25,0.00143814]]', NULL, '0.950', NULL),
(102, 13, 2, '[0,[5671.37,796.868,0.00129175]]', NULL, '0.950', NULL),
(103, 6, 2, '[0,[969.451,1275.39,0.00255895]]', NULL, '0.700', NULL),
(104, 111, 2, '[9,[6593.81,5728.57,0]]', NULL, '0.450', NULL),
(105, 27, 2, '[94,[621.466,4631.81,0.00143814]]', NULL, '0.550', NULL),
(106, 15, 2, '[5,[3360.08,1126.39,0.00143862]]', NULL, '0.250', NULL),
(107, 15, 2, '[18,[3956.76,4229.46,0.00143433]]', NULL, '0.250', NULL),
(108, 15, 2, '[168,[602.249,4686.56,6.81655]]', NULL, '0.250', NULL),
(109, 15, 2, '[89,[6597.37,6767.08,0]]', NULL, '0.250', NULL),
(110, 15, 2, '[274,[6863.03,4451.83,0.00143814]]', NULL, '0.250', NULL),
(111, 17, 2, '[79,[3472.71,1374.62,0.00143909]]', NULL, '0.550', NULL),
(112, 18, 2, '[79,[3572.71,1374.62,0.00143909]]', NULL, '0.550', NULL),
(113, 18, 2, '[180,[5775.69,4724.98,0.00143814]]', NULL, '0.550', NULL),
(114, 17, 2, '[209,[835.536,5520.96,7.97942]]', NULL, '0.550', NULL),
(115, 18, 2, '[9,[6572.64,5970.13,0]]', NULL, '0.550', NULL),
(116, 17, 2, '[9,[6472.64,5970.13,0]]', NULL, '0.550', NULL),
(117, 12, 2, '[272,[2837.28,5328.06,0.373938]]', NULL, '0.700', NULL),
(118, 19, 2, '[89,[7971.34,1091.71,0.00143909]]', NULL, '0.750', NULL),
(119, 19, 2, '[317,[2645.8,6945.16,0.00143909]]', NULL, '0.750', NULL),
(120, 20, 2, '[285,[4290.23,4935.53,0.00152206]]', NULL, '0.550', NULL),
(121, 20, 2, '[5,[4198.66,4442.61,0.00143814]]', NULL, '0.550', NULL),
(122, 20, 2, '[3,[5796.71,4721.43,0.00143814]]', NULL, '0.550', NULL),
(123, 20, 2, '[167,[13367.5,6601.11,0.0126638]]', NULL, '0.550', NULL),
(124, 21, 2, '[4,[4401.8,1702.02,0.121414]]', NULL, '0.550', NULL),
(125, 24, 2, '[137,[3800.27,2307.3,4.6834]]', NULL, '0.550', NULL),
(126, 24, 2, '[137,[3700.27,2307.3,4.6834]]', NULL, '0.550', NULL),
(127, 25, 2, '[222,[2926.8052, 7965.2969, 0]]', NULL, '0.550', '0.40'),
(128, 26, 2, '[147,[8433.71,7797.2,2.1895]]', NULL, '0.550', NULL),
(129, 26, 2, '[310,[3822.1,2299.23,0.000923157]]', NULL, '0.550', NULL),
(131, 28, 2, '[272,[6827.53,5927.34,0.00143909]]', NULL, '0.550', NULL),
(132, 28, 2, '[356,[8039.13,2916.39,0.00257635]]', NULL, '0.550', NULL),
(133, 27, 2, '[274,[3697.02,1404.02,0.00143909]]', NULL, '0.550', NULL),
(134, 28, 2, '[260,[8299.95,2358.95,1.28169]]', NULL, '0.550', NULL),
(135, 27, 2, '[47,[4149.76,1537.27,0.0821762]]', NULL, '0.550', NULL),
(136, 111, 2, '[183,[5784.84,4712.17,0.00143814]]', NULL, '0.450', NULL),
(137, 30, 2, '[222,[9120.468,8667.882,0]]', NULL, '0.750', NULL),
(138, 24, 2, '[273,[8842.5,921.916,0.00130701]]', NULL, '0.550', NULL),
(139, 1, 2, '[249,[7563.33,1693.72,0.00143909]]', NULL, '0.650', NULL),
(140, 24, 2, '[195,[6800.51,2828.05,0.00150663]]', NULL, '0.550', NULL),
(141, 15, 1, '[310,[6365.7402,7795.3501,-0.048767101]]', NULL, '0.250', '0.19'),
(142, 15, 1, '[14,[13308.511,3227.0215,0]]', NULL, '0.250', '0.19'),
(143, 15, 1, '[265,[7695.0356,3991.2056,0]]', NULL, '0.250', '0.19'),
(144, 15, 1, '[22,[12009.904,12636.732,0]]', 'UH1H at NEAF.', '0.250', '0.19'),
(145, 18, 4, '[79,[5228.1963,6146.6855,-1.19209]]', NULL, '0.500', '0.21'),
(146, 27, 4, '[334,[1399.4459,3464.3445,0]]', NULL, '0.500', '0.21'),
(147, 18, 4, '[227,[4621.7837,649.05255,0.00663757]]', NULL, '0.500', '0.21'),
(148, 27, 4, '[204,[5309.2461,6202.939,0]]', NULL, '0.500', '0.21'),
(149, 15, 4, '[132,[8189.5273,2064.668,0.00119019]]', NULL, '0.250', '0.21'),
(150, 5, 4, '[6,[6837.0986,4988.1509,0.000762939]]', NULL, '0.500', '0.21'),
(151, 20, 4, '[219,[8263.0322,7730.8857,0]]', NULL, '0.500', '0.21'),
(152, 5, 4, '[17,[11738.519,8349.665,0.0155945]]', NULL, '0.500', '0.21'),
(153, 12, 4, '[169,[12313.892,10475.649,4.19617]]', NULL, '0.500', '0.21'),
(154, 15, 4, '[18,[5843.7178,11336.136,0.00793457]]', NULL, '0.250', '0.21'),
(155, 20, 4, '[353,[1497.7494,5739.3496,6.67572]]', NULL, '0.500', '0.21'),
(156, 7, 4, '[165,[9157.1348,6692.1816,0.00242615]]', NULL, '0.500', '0.21'),
(157, 21, 4, '[341,[2069.3496,7657.5806,0]]', NULL, '0.500', '0.21'),
(158, 1, 4, '[130,[12242.198,11064.873,0.0706997]]', NULL, '0.500', '0.21'),
(159, 32, 4, '[252,[10489.811,11066.72,0.000778198]]', NULL, '0.500', '0.21'),
(160, 23, 4, '[310,[5298.9331,4714.4155,0.00106812]]', NULL, '0.500', '0.21'),
(161, 27, 4, '[123,[4157.9121,11910.076,0]]', NULL, '0.500', '0.21'),
(162, 13, 4, '[51,[1914.0155,7597.2456,-1.52588]]', NULL, '0.600', '0.21'),
(163, 13, 4, '[15,[5315.9443,6134.3672,0.0126953]]', NULL, '0.600', '0.21'),
(164, 13, 4, '[211,[8495.876,2404.3872,0.00710678]]', NULL, '0.600', '0.21'),
(165, 13, 4, '[108,[8464.3613,2459.9939,0.00117016]]', NULL, '0.600', '0.21'),
(166, 1, 4, '[123,[9946.1982,11338.414,0.00994873]]', NULL, '0.500', '0.21'),
(167, 15, 4, '[300,[772.11139,10483.121,0]]', NULL, '0.250', '0.21'),
(168, 9, 4, '[46,[2072.7871,299.8927,0.00143433]]', NULL, '0.500', '0.21'),
(169, 13, 4, '[93,[5962.1055,1078.1791,6.10352]]', NULL, '0.600', '0.21'),
(170, 32, 4, '[42,[6365.4731,11270.29,0]]', NULL, '0.500', '0.21'),
(171, 21, 4, '[28,[5953.3921,11337.747,0.00424194]]', NULL, '0.500', '0.21'),
(172, 13, 4, '[103,[11825.438,2588.1191,0.0188293]]', NULL, '0.600', '0.21'),
(173, 8, 4, '[106,[1786.9825,11949.147,0.00014782]]', NULL, '0.500', '0.21'),
(174, 13, 4, '[132,[12311.814,11033.296,0.0022583]]', NULL, '0.600', '0.21'),
(175, 13, 4, '[101,[5591.5513,8915.2783,0.0133638]]', NULL, '0.600', '0.21'),
(176, 13, 4, '[223,[7903.8716,3229.6731,0.0132484]]', NULL, '0.600', '0.21'),
(177, 13, 4, '[182,[8346.94,2458.27,0.0158215]]', NULL, '0.600', '0.21'),
(178, 21, 4, '[84,[8101.6929,2026.0935,0.0254517]]', NULL, '0.500', '0.21'),
(179, 1, 5, '[225,[6140,5668,0]]', 'Radovna', '0.700', '0.21'),
(180, 1, 5, '[0,[4029,7226,0]]', 'Arnoldstein', '0.700', '0.21'),
(181, 32, 5, '[270,[8601,4809,0]]', 'Lesce Airport', '0.700', '0.21'),
(182, 32, 5, '[180,[7920,1267,0]]', 'New Skooma', '0.700', '0.21'),
(183, 21, 5, '[110,[5394,3899,0]]', 'Ukanc', '0.700', '0.21'),
(184, 5, 5, '[140,[6053,5085,0]]', 'Radovna', '0.700', '0.21'),
(185, 5, 5, '[140,[4266,3929,0]]', 'Radovna', '0.700', '0.21'),
(187, 5, 5, '[140,[4265,3925,0]]', 'Krsnka Koca', '0.700', '0.21'),
(188, 5, 5, '[180,[7241,6009,0]]', 'Jesenice', '0.700', '0.21'),
(189, 5, 5, '[180,[5334,2567,0]]', 'Sela', '0.700', '0.21'),
(190, 20, 5, '[320,[4676,5020,0]]', 'Trenta', '0.700', '0.21'),
(191, 20, 5, '[180,[6741,1593,0]]', 'Belley', '0.700', '0.21'),
(192, 20, 5, '[0,[8718,3981,0]]', 'Kropa', '0.700', '0.21'),
(193, 8, 5, '[0,[7288,1369,0]]', 'Rockburn', '0.700', '0.21'),
(194, 20, 5, '[90,[3094,5878,0]]', 'Cave del Predil', '0.700', '0.21'),
(195, 20, 5, '[185,[6072,7455,0]]', 'Senzatoka', '0.700', '0.21'),
(196, 23, 5, '[275,[6752,6876,0]]', 'Kleinfort', '0.700', '0.21'),
(197, 23, 5, '[180,[6416,6210,0]]', 'Dovje', '0.700', '0.21'),
(198, 24, 5, '[180,[7922,1230,0]]', 'Hafen New Skooma', '0.700', '0.21'),
(199, 25, 5, '[180,[3465,2459,0]]', 'Bucht sdlich von Livek', '0.700', '0.21'),
(200, 24, 5, '[180,[3900,2214,0]]', 'Bucht bei Bolhovo', '0.700', '0.21'),
(201, 25, 5, '[180,[3197,4531,0]]', 'Landeinwrts Ende des Flusses', '0.700', '0.21'),
(202, 15, 5, '[0,[4141,7466,0]]', 'Nrdlichstes Airfield im Hangar', '0.700', '0.21'),
(203, 15, 5, '[315,[6921,793,0]]', 'Helipad im Sden', '0.700', '0.21'),
(204, 15, 5, '[0,[2674,3406,0]]', 'Helipad westliches AF', '0.700', '0.21'),
(205, 15, 5, '[270,[6702,7344,0]]', 'Firestation Rennstrecke', '0.700', '0.21'),
(206, 15, 5, '[180,[5573,4968,0]]', 'Dom Planika', '0.700', '0.21'),
(207, 13, 5, '[340,[4752,1864,0]]', 'Taff Grove', '0.700', '0.21'),
(208, 13, 5, '[335,[6530,3734,0]]', 'Boh. Bistrica', '0.700', '0.21'),
(209, 13, 5, '[180,[5052,6404,0]]', 'Kranjska Gora', '0.700', '0.21'),
(210, 13, 5, '[270,[8767,3107,0]]', 'Selca Leuchtturm', '0.700', '0.21'),
(211, 13, 5, '[90,[6672,394,0]]', 'Cato', '0.700', '0.21'),
(212, 13, 5, '[40,[5218,3867,0]]', 'Ukanc', '0.700', '0.21'),
(213, 18, 5, '[90,[5889,894,0]]', 'Tankstelle Zappado', '0.700', '0.21'),
(214, 18, 5, '[0,[7872,1567,0]]', 'Tankstelle New Skooma', '0.700', '0.21'),
(215, 18, 5, '[90,[7988,4925,0]]', 'Bled', '0.700', '0.21'),
(216, 1, 5, '[90,[3406,2473,0]]', 'Livek', '0.650', '0.21'),
(217, 1, 5, '[270,[8677,5631,0]]', '086|046', '0.650', '0.21'),
(218, 1, 5, '[270,[5007,5127,0]]', 'Trenta', '0.650', '0.21'),
(219, 34, 8, '[219,[4148.12,6579.55,3.866]]', NULL, '0.250', NULL),
(220, 4, 8, '[182,[4127.6,6703.51,0.00146484]]', NULL, '0.650', NULL),
(221, 4, 8, '[93,[3552.5,6675.55,0.00143433]]', NULL, '0.650', NULL),
(222, 32, 8, '[220,[3941.47,7595.37,0.00143814]]', NULL, '0.550', NULL),
(223, 32, 8, '[180,[5849.93,8659.4,0.00143814]]', NULL, '0.550', NULL),
(224, 22, 8, '[90,[4837.61,6145.8,0.00143814]]', NULL, '0.550', NULL),
(225, 31, 8, '[90,[7051.95,5777.77,0.00144196]]', NULL, '0.550', NULL),
(226, 22, 8, '[180,[7894.81,7718.42,0.00142384]]', NULL, '0.550', NULL),
(227, 31, 8, '[52,[7358.11,7984.73,0.00138092]]', NULL, '0.550', NULL),
(228, 32, 8, '[351,[7685.47,8729.3,0.00157166]]', NULL, '0.550', NULL),
(229, 4, 8, '[23,[5975.07,6690.23,0.00141525]]', NULL, '0.650', NULL),
(230, 31, 8, '[255,[5748.33,9844.07,0.00140762]]', NULL, '0.550', NULL),
(231, 19, 8, '[296,[8252.9,10792.1,0.00143909]]', NULL, '0.750', NULL),
(232, 13, 8, '[22,[8957.08,10629.1,0.00132465]]', NULL, '0.950', NULL),
(233, 24, 8, '[110,[9134.51,10091.7,4.11368]]', NULL, '0.550', NULL),
(234, 13, 8, '[81,[7209.53,10848.4,0.00142956]]', NULL, '0.950', NULL),
(235, 22, 8, '[270,[6739.51,11323.5,0.00143909]]', NULL, '0.550', NULL),
(236, 31, 8, '[74,[7029.23,11540.7,0.00143909]]', NULL, '0.550', NULL),
(237, 13, 8, '[11,[6665.94,11022.5,0.00143909]]', NULL, '0.950', NULL),
(238, 31, 8, '[278,[5796.78,10761.3,0.00142288]]', NULL, '0.550', NULL),
(239, 4, 8, '[203,[4849.06,10858.9,0.00143909]]', NULL, '0.650', NULL),
(240, 4, 8, '[280,[4418.92,10748.9,0.00143909]]', NULL, '0.650', NULL),
(241, 35, 8, '[47,[4521,11230,3.81583]]', NULL, '0.250', NULL),
(242, 25, 8, '[55,[4525.93,11255.1,0.001692]]', NULL, '0.550', NULL),
(243, 24, 8, '[92,[4387.41,11293.1,7.2188]]', NULL, '0.550', NULL),
(244, 24, 8, '[0,[4430.48,11303.5,8.4149]]', NULL, '0.550', NULL),
(245, 4, 8, '[250,[4090.02,9225.91,0.00144958]]', NULL, '0.650', NULL),
(246, 24, 8, '[180,[4306.51,4719.16,5.83564]]', NULL, '0.550', NULL),
(247, 13, 8, '[34,[2197.75,5762.33,0.00141096]]', NULL, '0.950', NULL),
(248, 25, 8, '[88,[2144.77,5754.73,1.84505]]', NULL, '0.550', NULL),
(249, 25, 8, '[245,[5031.6,6100.52,5.8214]]', NULL, '0.550', NULL),
(250, 13, 8, '[6,[4877.88,6215.15,0.00143814]]', NULL, '0.950', NULL),
(251, 25, 8, '[228,[6044.81,6760.48,2.24013]]', NULL, '0.550', NULL),
(252, 32, 8, '[126,[7647.15,7406.74,0.00144958]]', NULL, '0.550', NULL),
(253, 22, 8, '[1,[4991.09,8165.97,0.00148773]]', NULL, '0.550', NULL),
(254, 50, 9, '[42,[6065.28,2703.19,-0.0156651]]', NULL, '0.650', NULL),
(255, 51, 9, '[0,[10773.651,975.24237,0.23155731]]', NULL, '0.650', NULL),
(256, 52, 9, '[0,[8482.4492,8107.7109,-2.4795532e-005]]', NULL, '0.650', NULL),
(257, 49, 9, '[71,[2094.65,7619.18,-0.00772476]]', NULL, '0.650', NULL),
(258, 13, 9, '[0,[2319.8,1213.5911,4.0054321e-005]]', NULL, '0.650', NULL),
(259, 44, 9, '[360,[8516.86,2148.63,0.0001297]]', NULL, '0.650', NULL),
(260, 42, 9, '[35,[1671.69,2091.84,0.000419617]]', NULL, '0.650', NULL),
(261, 39, 9, '[81,[2360.87,1208.99,0.00244331]]', NULL, '0.650', NULL),
(262, 47, 9, '[310,[409.376,3768.02,-0.00925827]]', NULL, '0.650', NULL),
(263, 19, 9, '[152,[4736.75,3007.69,-1.33514e-005]]', NULL, '0.650', NULL),
(264, 11, 9, '[0,[1625.8889,2078.1746,1.335144e-005]]', NULL, '0.650', NULL),
(265, 41, 9, '[27,[367.971,3718.82,-6.67572e-005]]', NULL, '0.650', NULL),
(266, 13, 9, '[88,[6140.061,2629.8596,-3.8146973e-006]]', NULL, '0.650', NULL),
(267, 19, 9, '[120,[6078.4307,2745.4111,-3.0517578e-005]]', NULL, '0.650', NULL),
(268, 45, 9, '[7,[8918.93,2126.1,7.34329e-005]]', NULL, '0.650', NULL),
(269, 13, 9, '[0,[8923.083,2139.8386,-5.7220459e-006]]', NULL, '0.650', NULL),
(270, 15, 9, '[94,[8777.93,2076.05,-0.0491714]]', NULL, '0.650', NULL),
(271, 19, 9, '[0,[8843.0586,2538.1528,-1.9073486e-006]]', NULL, '0.650', NULL),
(272, 25, 9, '[299,[8613.07,2467.64,0.175663]]', NULL, '0.650', NULL),
(273, 19, 9, '[0,[8766.1475,2672.552,5.7220459e-006]]', NULL, '0.650', NULL),
(274, 26, 9, '[0,[6771.4668,3383.1628,0.084204674]]', NULL, '0.650', NULL),
(275, 15, 9, '[162,[7797.06,1508.78,0.0114393]]', NULL, '0.650', NULL),
(276, 13, 9, '[0,[10837.63,876.93933]]', NULL, '0.650', NULL),
(277, 48, 9, '[0,[7489.06,1447.57,0.0154333]]', NULL, '0.650', NULL),
(278, 13, 9, '[45,[10976.697,885.80438,9.5367432e-007]]', NULL, '0.650', NULL),
(279, 6, 9, '[149,[2629.24,4096.96,0.000131607]]', NULL, '0.650', NULL),
(280, 10, 9, '[27,[10973.6,906.303,-0.0132909]]', NULL, '0.650', NULL),
(281, 31, 9, '[33,[2437.44,4242.37,0]]', NULL, '0.650', NULL),
(282, 46, 9, '[210,[561.609,5010.75,5.91278e-005]]', NULL, '0.650', NULL),
(283, 47, 9, '[1,[583.873,4999.42,-0.0209208]]', NULL, '0.650', NULL),
(284, 40, 9, '[0,[657.07629,5135.0928,6.6757202e-006]]', NULL, '0.650', NULL),
(285, 12, 9, '[360,[8531.11,8107.91,0.00588608]]', NULL, '0.650', NULL),
(286, 38, 9, '[82,[8884.36,2633.27,0.12]]', NULL, '0.650', NULL),
(287, 43, 9, '[41,[6677.15,8072.63,3.8147e-006]]', NULL, '0.650', NULL),
(288, 19, 9, '[327,[6876.86,11167,2.76566e-005]]', NULL, '0.650', NULL),
(289, 11, 9, '[0,[3008.2402,11027.495]]', NULL, '0.650', NULL),
(290, 13, 9, '[0,[6852.0908,11166.002,-1.9073486e-006]]', NULL, '0.650', NULL),
(291, 36, 9, '[355,[2902.24,10913.6,-0.000387192]]', NULL, '0.650', NULL),
(292, 40, 9, '[39,[3072.7,11002.3,0.000118256]]', NULL, '0.650', NULL),
(293, 37, 9, '[360,[8852.78,2168.46,-1.90735e-006]]', NULL, '0.650', NULL),
(294, 33, 9, '[358,[10465.1,11582.3,-1.52588e-005]]', NULL, '0.650', NULL),
(295, 11, 9, '[274,[10446.7,11510.6,-0.00825787]]', NULL, '0.650', NULL),
(296, 15, 9, '[152,[10976,11109.1,-0.0227766]]', NULL, '0.650', NULL),
(297, 13, 9, '[0,[10507.803,10731.588,-5.3405762e-005]]', NULL, '0.650', NULL),
(298, 10, 9, '[0,[10478.332,10651.773,-4.0054321e-005]]', NULL, '0.650', NULL),
(299, 44, 9, '[0,[9081.3779,8934.1094]]', NULL, '0.650', NULL),
(301, 53, 1, '[2,[12010.7,12637.2,0]]', NULL, '0.250', NULL),
(302, 53, 1, '[113,[6880.2007,11454.291,0]]', NULL, '0.250', NULL),
(303, 54, 1, '[156,[7660.271,3982.0063,0]]', NULL, '0.300', NULL),
(304, 54, 1, '[-188,[7220.6538,9116.3428,0]]', NULL, '0.300', NULL),
(305, 54, 1, '[4,[13584.044,3199.9648,0]]', NULL, '0.300', NULL),
(306, 55, 1, '[252,[4530.52,10785.1,0]]', NULL, '0.250', NULL),
(307, 56, 1, '[162,[3702.04,6044.3101,0]]', NULL, '0.500', NULL),
(308, 56, 1, '[141,[11953.279,9107.3896,0]]', NULL, '0.500', NULL),
(309, 57, 1, '[71,[3708.5,5999.4199,0]]', NULL, '0.500', NULL),
(310, 57, 1, '[322,[7201.5181,3034.3232,0]]', NULL, '0.500', NULL),
(564, 91, 10, '[242,[10291.3,18354.9,-0.180809]]', '', '0.700', '0.34'),
(565, 29, 10, '[354,[10951,17800.9,0.0223007]]', '', '0.700', '0.34'),
(566, 29, 10, '[162,[10922.9,17345.1,0.0321388]]', '', '0.700', '0.34'),
(567, 81, 10, '[157,[10157.5,19150.1,0]]', '', '0.700', '0.34'),
(568, 18, 10, '[184,[10339.8,18663.9,0.0126953]]', '', '0.700', '0.34'),
(569, 30, 10, '[340,[10948.5,17206.8,0.0906601]]', '', '0.700', '0.34'),
(570, 3, 10, '[62,[10984.5,18950.9,-4.76837e-007]]', '', '0.700', '0.34'),
(571, 3, 10, '[339,[10270.8,17668.5,0.0456314]]', '', '0.700', '0.34'),
(572, 32, 10, '[204,[11211.6,18116,0.00648117]]', '', '0.700', '0.34'),
(573, 21, 10, '[243,[10228.8,18638.9,0.00063324]]', '', '0.700', '0.34'),
(574, 15, 10, '[293,[9964.81,18664.9,0.00174713]]', '', '0.700', '0.34'),
(575, 55, 10, '[313,[10490,17603.4,-0.629063]]', '', '0.700', '0.34'),
(576, 55, 10, '[176,[10090.7,18410.8,-0.674576]]', '', '0.700', '0.34'),
(577, 55, 10, '[245,[10177.2,18598.8,-0.671776]]', '', '0.700', '0.34'),
(578, 89, 10, '[327,[11099.5,18673.8,0]]', '', '0.700', '0.34'),
(579, 14, 10, '[319,[10633.1,17340.5,0.00105286]]', '', '0.700', '0.34'),
(580, 81, 10, '[170,[10117.2,19008.2,0]]', '', '0.700', '0.34'),
(581, 90, 10, '[85,[9962.75,18923,0.00149536]]', '', '0.700', '0.34'),
(582, 81, 10, '[95,[10306.9,16804,0]]', '', '0.700', '0.34'),
(583, 81, 10, '[131,[8788.46,19497.9,0.0118561]]', '', '0.700', '0.34'),
(584, 3, 10, '[349,[11036.6,16840.4,0.0015564]]', '', '0.700', '0.34'),
(585, 58, 10, '[316,[8778.47,19045.2,-0.00346375]]', '', '0.700', '0.34'),
(586, 25, 10, '[92,[11698.8,18823.9,-0.338678]]', '', '0.700', '0.34'),
(587, 25, 10, '[112,[11680.8,18691.2,-0.360215]]', '', '0.700', '0.34'),
(588, 29, 10, '[317,[7474.65,4423.4,-0.00769424]]', '', '0.700', '0.34'),
(589, 29, 10, '[277,[9057.16,2530.97,-0.0063858]]', '', '0.700', '0.34'),
(590, 29, 10, '[134,[9135.33,7964.65,-0.00769043]]', '', '0.700', '0.34'),
(591, 29, 10, '[95,[4019.75,6695.92,-0.00769424]]', '', '0.700', '0.34'),
(592, 29, 10, '[220,[13403,8635.49,-0.00769043]]', '', '0.700', '0.34'),
(593, 29, 10, '[66,[5822.55,8464.95,-0.00753784]]', '', '0.700', '0.34'),
(594, 29, 10, '[56,[12022.2,15220.1,-0.00769806]]', '', '0.700', '0.34'),
(595, 29, 10, '[318,[14163.5,12404.8,-0.00769424]]', '', '0.700', '0.34'),
(596, 29, 10, '[0,[15257.5,9471.55,-0.00769615]]', '', '0.700', '0.34'),
(597, 29, 10, '[70,[17359,7417.03,-0.00769043]]', '', '0.700', '0.34'),
(598, 29, 10, '[189,[12614,11897.5,-0.00769806]]', '', '0.700', '0.34'),
(599, 29, 10, '[57,[16971.7,12787.1,-0.00769615]]', '', '0.700', '0.34'),
(600, 29, 10, '[304,[11371.1,1101.07,-0.00540161]]', '', '0.700', '0.34'),
(601, 81, 10, '[92,[6514.76,8748.42,0.0316048]]', '', '0.700', '0.34'),
(602, 81, 10, '[233,[4727.36,8095.94,7.62939e-006]]', '', '0.700', '0.34'),
(603, 81, 10, '[131,[5224.73,6274.16,0.00038147]]', '', '0.700', '0.34'),
(604, 81, 10, '[131,[10011.1,7181.43,0.00144958]]', '', '0.700', '0.34'),
(605, 81, 10, '[120,[6510.3,5542.96,0.000148773]]', '', '0.700', '0.34'),
(606, 81, 10, '[131,[7768.96,4579.06,0]]', '', '0.700', '0.34'),
(607, 81, 10, '[320,[13427.7,8644.56,0]]', '', '0.700', '0.34'),
(608, 81, 10, '[178,[15123.8,9375.95,0]]', '', '0.700', '0.34'),
(609, 81, 10, '[169,[16213.3,14955.3,0.0228539]]', '', '0.700', '0.34'),
(610, 81, 10, '[45,[7706.79,4174.13,0]]', '', '0.700', '0.34'),
(611, 81, 10, '[360,[15355.2,9831.41,3.05176e-005]]', '', '0.700', '0.34'),
(612, 81, 10, '[333,[12887.8,13419.6,0.02285]]', '', '0.700', '0.34'),
(613, 81, 10, '[131,[8395.68,3332.51,0.000270844]]', '', '0.700', '0.34'),
(614, 81, 10, '[296,[15925.3,8918.18,0.00468254]]', '', '0.700', '0.34'),
(615, 81, 10, '[131,[14267.7,11740.5,0.00571442]]', '', '0.700', '0.34'),
(616, 81, 10, '[167,[11115.6,16432.1,0]]', '', '0.700', '0.34'),
(617, 81, 10, '[50,[9682.93,5836.99,0.0102997]]', '', '0.700', '0.34'),
(618, 81, 10, '[147,[10770.1,2291.05,0.00911713]]', '', '0.700', '0.34'),
(619, 81, 10, '[146,[8233.2,3557.05,0.00823021]]', '', '0.700', '0.34'),
(620, 81, 10, '[154,[14631.3,18568.4,0.00568962]]', '', '0.700', '0.34'),
(621, 81, 10, '[357,[15333,16325.5,0]]', '', '0.700', '0.34'),
(622, 81, 10, '[179,[14983.5,9843.48,0]]', '', '0.700', '0.34'),
(623, 81, 10, '[131,[11717.7,14820.3,0]]', '', '0.700', '0.34'),
(624, 81, 10, '[160,[14953.7,17686.2,0.0230598]]', '', '0.700', '0.34'),
(625, 81, 10, '[124,[11765.8,15295.7,0]]', '', '0.700', '0.34'),
(626, 81, 10, '[193,[16535.6,12305.2,0.0189724]]', '', '0.700', '0.34'),
(627, 81, 10, '[58,[13973.5,12345.3,0]]', '', '0.700', '0.34'),
(628, 81, 10, '[0,[13233.2,12143.6,0.0196762]]', '', '0.700', '0.34'),
(629, 81, 10, '[183,[17595.4,6287.17,0.00100708]]', '', '0.700', '0.34'),
(630, 81, 10, '[131,[16712.8,8479.33,0.0872345]]', '', '0.700', '0.34'),
(631, 81, 10, '[1,[12873.5,12944.9,0]]', '', '0.700', '0.34'),
(632, 81, 10, '[143,[15653,10009.4,0]]', '', '0.700', '0.34'),
(633, 81, 10, '[143,[12961.6,14013.4,0]]', '', '0.700', '0.34'),
(634, 18, 10, '[132,[7808.4,4330.21,0]]', '', '0.700', '0.34'),
(635, 18, 10, '[66,[17398.7,6512.27,0.0234985]]', '', '0.700', '0.34'),
(636, 18, 10, '[183,[15569,8258.74,0.141594]]', '', '0.700', '0.34'),
(637, 18, 10, '[158,[17167.2,7767.53,0.0743866]]', '', '0.700', '0.34'),
(638, 18, 10, '[158,[12452.1,14354.7,0]]', '', '0.700', '0.34'),
(639, 18, 10, '[128,[16412.7,8723.52,0.151649]]', '', '0.700', '0.34'),
(640, 18, 10, '[214,[16459,12013.3,0.00720406]]', '', '0.700', '0.34'),
(641, 18, 10, '[278,[15560.1,16005.2,0.00566101]]', '', '0.700', '0.34'),
(642, 18, 10, '[76,[13169.2,19343.8,0.0113888]]', '', '0.700', '0.34'),
(643, 18, 10, '[158,[11545.9,15615.5,0]]', '', '0.700', '0.34'),
(644, 18, 10, '[84,[12838.6,11940.6,0]]', '', '0.700', '0.34'),
(645, 18, 10, '[181,[14907.1,9766.22,0]]', '', '0.700', '0.34'),
(646, 18, 10, '[158,[17324.2,7421.05,-0.102005]]', '', '0.700', '0.34'),
(647, 18, 10, '[158,[5179.3,8106.45,0.00350952]]', '', '0.700', '0.34'),
(648, 18, 10, '[113,[7495.9,8301.67,0.00138855]]', '', '0.700', '0.34'),
(649, 18, 10, '[128,[9141,8111.72,0]]', '', '0.700', '0.34'),
(650, 18, 10, '[303,[5915.2,5921.79,1.90735e-005]]', '', '0.700', '0.34'),
(651, 18, 10, '[130,[7652.84,4086.29,0]]', '', '0.700', '0.34'),
(652, 7, 10, '[203,[10693.7,6536.87,0.0229568]]', '', '0.700', '0.34'),
(653, 9, 10, '[157,[8047.39,8636.07,0.00374603]]', '', '0.700', '0.34'),
(654, 77, 10, '[158,[5482.39,8202.6,0.0140457]]', '', '0.700', '0.34'),
(655, 8, 10, '[349,[5570.72,6114.17,8.7738e-005]]', '', '0.700', '0.34'),
(656, 30, 10, '[318,[6888.35,5214.03,0.00019455]]', '', '0.700', '0.34'),
(657, 30, 10, '[225,[7839.55,4494.92,0]]', '', '0.700', '0.34'),
(658, 30, 10, '[140,[8652.84,3068.12,0.00364494]]', '', '0.700', '0.34'),
(659, 30, 10, '[128,[7167.82,8533.28,0.00255585]]', '', '0.700', '0.34'),
(660, 30, 10, '[120,[16354.1,13180.9,0.0191612]]', '', '0.700', '0.34'),
(661, 30, 10, '[158,[8211.36,6154.37,0.0160217]]', '', '0.700', '0.34'),
(662, 30, 10, '[208,[9050.35,7881.65,0]]', '', '0.700', '0.34'),
(663, 30, 10, '[215,[16175.9,10431.5,0.0055275]]', '', '0.700', '0.34'),
(664, 30, 10, '[182,[15113.4,9929.65,0.137263]]', '', '0.700', '0.34'),
(665, 30, 10, '[134,[11133.3,1959.98,0.000549316]]', '', '0.700', '0.34'),
(666, 30, 10, '[144,[8542.64,3162.03,0.000202179]]', '', '0.700', '0.34'),
(667, 30, 10, '[295,[13424,8648.58,0]]', '', '0.700', '0.34'),
(668, 30, 10, '[179,[15252.8,9215.89,0]]', '', '0.700', '0.34'),
(669, 77, 10, '[126,[7214.78,4930.56,0.00031662]]', '', '0.700', '0.34'),
(670, 8, 10, '[140,[8275.1,3476.29,0.00530815]]', '', '0.700', '0.34'),
(671, 7, 10, '[271,[16905.2,6272.22,0.00584412]]', '', '0.700', '0.34'),
(672, 77, 10, '[143,[10510.9,2562.58,0.0067749]]', '', '0.700', '0.34'),
(673, 8, 10, '[147,[9604.49,4852.59,0.00148773]]', '', '0.700', '0.34'),
(674, 77, 10, '[91,[11172.7,15990.7,0]]', '', '0.700', '0.34'),
(675, 8, 10, '[181,[12874.6,13155.3,0]]', '', '0.700', '0.34'),
(676, 9, 10, '[185,[16062.1,15670.4,0.0116997]]', '', '0.700', '0.34'),
(677, 77, 10, '[180,[16259.6,11102.7,0.0425148]]', '', '0.700', '0.34'),
(678, 8, 10, '[87,[17370.6,7346.27,0]]', '', '0.700', '0.34'),
(679, 19, 10, '[271,[12152.6,14950.1,0.0159607]]', '', '0.700', '0.34'),
(680, 19, 10, '[311,[12435,15202.6,0.00318909]]', '', '0.700', '0.34'),
(681, 19, 10, '[277,[13670.5,13096.8,0.00578308]]', '', '0.700', '0.34'),
(682, 19, 10, '[222,[13162.4,13622.9,0.00712585]]', '', '0.700', '0.34'),
(683, 19, 10, '[293,[13364.2,13315.5,0.0142212]]', '', '0.700', '0.34'),
(684, 19, 10, '[250,[13268.5,19505.5,0.0949459]]', '', '0.700', '0.34'),
(685, 19, 10, '[332,[12080.8,19157.7,0.0564194]]', '', '0.700', '0.34'),
(686, 19, 10, '[283,[8596.41,19476.3,0.0055542]]', '', '0.700', '0.34'),
(687, 19, 10, '[293,[8411.4,19204.7,0.125671]]', '', '0.700', '0.34'),
(688, 19, 10, '[293,[1663.18,7532.56,0.00292587]]', '', '0.700', '0.34'),
(689, 19, 10, '[2,[2249.73,7592.62,0.0450172]]', '', '0.700', '0.34'),
(690, 19, 10, '[272,[1519.11,7133.55,0.141129]]', '', '0.700', '0.34'),
(691, 19, 10, '[293,[1680.76,6870.38,0.0112076]]', '', '0.700', '0.34'),
(692, 19, 10, '[201,[5554.78,6028.8,3.8147e-005]]', '', '0.700', '0.34'),
(693, 19, 10, '[31,[4594.34,6231.05,0.0142784]]', '', '0.700', '0.34'),
(694, 20, 10, '[315,[7374.36,4759.34,-0.000656128]]', '', '0.700', '0.34'),
(695, 20, 10, '[44,[7710.61,4611.11,-0.000656128]]', '', '0.700', '0.34'),
(696, 20, 10, '[128,[7716.36,3906.45,-0.000656128]]', '', '0.700', '0.34'),
(697, 20, 10, '[274,[13456,8603.68,-0.000671387]]', '', '0.700', '0.34'),
(698, 20, 10, '[2,[14879.6,9330.99,-0.000658035]]', '', '0.700', '0.34'),
(699, 3, 10, '[315,[11508.4,1262.49,0.0632362]]', '', '0.700', '0.34'),
(700, 3, 10, '[330,[9883.54,3139.64,0.0131836]]', '', '0.700', '0.34'),
(701, 3, 10, '[237,[11825,1411.95,0.0010252]]', '', '0.700', '0.34'),
(702, 3, 10, '[274,[13190.3,8792.78,0]]', '', '0.700', '0.34'),
(703, 3, 10, '[134,[13450.8,8605.12,0]]', '', '0.700', '0.34'),
(704, 3, 10, '[339,[10688.8,11734,0.550781]]', '', '0.700', '0.34'),
(705, 3, 10, '[191,[16826.5,8195.05,0.00675964]]', '', '0.700', '0.34'),
(706, 3, 10, '[184,[15012.4,15616.1,0.00805664]]', '', '0.700', '0.34'),
(707, 3, 10, '[293,[18394.7,5052.93,0.106243]]', '', '0.700', '0.34'),
(708, 3, 10, '[273,[17564.7,6309.81,0]]', '', '0.700', '0.34'),
(709, 3, 10, '[181,[16446.6,11620.8,0]]', '', '0.700', '0.34'),
(710, 3, 10, '[293,[13174.2,13260.9,0.0268364]]', '', '0.700', '0.34'),
(711, 3, 10, '[292,[12478,13860,0]]', '', '0.700', '0.34'),
(712, 3, 10, '[270,[14688.2,10835.4,0.0373383]]', '', '0.700', '0.34'),
(713, 3, 10, '[318,[9711.47,1983.53,0.00771332]]', '', '0.700', '0.34'),
(714, 3, 10, '[25,[5711.09,5851.74,0.0101013]]', '', '0.700', '0.34'),
(715, 3, 10, '[233,[9015.01,7405.48,0.021965]]', '', '0.700', '0.34'),
(716, 3, 10, '[320,[2799.21,7081.33,0.0408325]]', '', '0.700', '0.34'),
(717, 3, 10, '[315,[7649.58,21950.5,0.0791931]]', '', '0.700', '0.34'),
(718, 3, 10, '[293,[11398.1,15315.9,0]]', '', '0.700', '0.34'),
(719, 3, 10, '[293,[15651.9,9659.04,-0.102001]]', '', '0.700', '0.34'),
(720, 3, 10, '[350,[16812.2,6297.74,0.00746155]]', '', '0.700', '0.34'),
(721, 32, 10, '[179,[9082.64,21516.1,0.116533]]', '', '0.700', '0.34'),
(722, 32, 10, '[266,[12963.3,11995.9,0.0131302]]', '', '0.700', '0.34'),
(723, 32, 10, '[293,[3807.23,7246.74,0]]', '', '0.700', '0.34'),
(724, 32, 10, '[55,[4034.12,7745.7,6.10352e-005]]', '', '0.700', '0.34'),
(725, 32, 10, '[43,[5856.52,8621.12,0.00302887]]', '', '0.700', '0.34'),
(726, 32, 10, '[221,[17118.1,7807.23,0.0652618]]', '', '0.700', '0.34'),
(727, 32, 10, '[91,[15039.7,14824.6,0.00798798]]', '', '0.700', '0.34'),
(728, 32, 10, '[259,[16347.1,7414.9,0.137238]]', '', '0.700', '0.34'),
(729, 32, 10, '[359,[13414.2,8651.67,1.52588e-005]]', '', '0.700', '0.34'),
(730, 32, 10, '[273,[15457.5,9795.01,0.0424709]]', '', '0.700', '0.34'),
(731, 32, 10, '[272,[16283.9,10041.2,0.00337219]]', '', '0.700', '0.34'),
(732, 32, 10, '[2,[16335.7,10544.5,0]]', '', '0.700', '0.34'),
(733, 32, 10, '[259,[7742.34,7074.12,0.0001297]]', '', '0.700', '0.34'),
(734, 32, 10, '[243,[8374.7,5813.29,0.0271759]]', '', '0.700', '0.34'),
(735, 32, 10, '[181,[16465.9,14267.1,0]]', '', '0.700', '0.34'),
(736, 32, 10, '[3,[15151.9,9366.48,0]]', '', '0.700', '0.34'),
(737, 32, 10, '[307,[9534.39,7782.44,0]]', '', '0.700', '0.34'),
(738, 32, 10, '[293,[11570.2,15115.9,0]]', '', '0.700', '0.34'),
(739, 32, 10, '[293,[13297.6,12424.3,0.00325775]]', '', '0.700', '0.34'),
(740, 32, 10, '[47,[10099,2944.08,0.0168152]]', '', '0.700', '0.34'),
(741, 32, 10, '[319,[8721.09,2951.82,0.00160789]]', '', '0.700', '0.34'),
(742, 32, 10, '[308,[6124.46,5807.65,0]]', '', '0.700', '0.34'),
(743, 21, 10, '[314,[7756.23,4266.02,0]]', '', '0.700', '0.34'),
(744, 21, 10, '[271,[2168,7026.63,0.000202179]]', '', '0.700', '0.34'),
(745, 21, 10, '[359,[2129.33,7064.36,0.0020256]]', '', '0.700', '0.34'),
(746, 21, 10, '[275,[16448.8,9219.42,0.146385]]', '', '0.700', '0.34'),
(747, 23, 10, '[293,[15137.8,10164.2,0]]', '', '0.700', '0.34'),
(748, 90, 10, '[72,[17214.1,5605.34,-0.00038147]]', '', '0.700', '0.34'),
(749, 21, 10, '[293,[17380.9,5111.01,0.0486755]]', '', '0.700', '0.34'),
(750, 21, 10, '[360,[9630.26,4229.79,0]]', '', '0.700', '0.34'),
(751, 21, 10, '[5,[6760.29,9811.86,0.0148087]]', '', '0.700', '0.34'),
(752, 21, 10, '[358,[9628.1,4417.41,0]]', '', '0.700', '0.34'),
(753, 21, 10, '[151,[16695.3,10633.4,0]]', '', '0.700', '0.34'),
(754, 21, 10, '[360,[3888.82,6974.72,0]]', '', '0.700', '0.34'),
(755, 29, 10, '[360,[9303.53,4234.05,-0.00769806]]', '', '0.700', '0.34'),
(756, 29, 10, '[271,[9409.02,4633.06,-0.00769806]]', '', '0.700', '0.34'),
(757, 53, 10, '[293,[6739.95,8450.5,0.00347137]]', '', '0.700', '0.34'),
(758, 15, 10, '[271,[15123.8,9746.96,0]]', '', '0.700', '0.34'),
(759, 15, 10, '[183,[17514.7,5240.99,0.00959778]]', '', '0.700', '0.34'),
(760, 15, 10, '[132,[7747.75,4258.96,0]]', '', '0.700', '0.34'),
(761, 55, 10, '[221,[16613.3,11616.6,-0.674572]]', '', '0.700', '0.34'),
(762, 55, 10, '[339,[7197.96,8235.7,-0.667679]]', '', '0.700', '0.34'),
(763, 55, 10, '[216,[7469.84,8071.2,-0.678246]]', '', '0.700', '0.34'),
(764, 58, 10, '[118,[16014.9,8410.25,0.0563278]]', '', '0.700', '0.34'),
(765, 62, 10, '[137,[9612.94,2065.55,-0.0139961]]', '', '0.700', '0.34'),
(766, 23, 10, '[270,[2167.46,7018.76,0.000156403]]', '', '0.700', '0.34'),
(767, 58, 10, '[266,[3695.45,2348.44,0.293526]]', '', '0.700', '0.34'),
(768, 62, 10, '[293,[4927.72,8571.45,0.0936146]]', '', '0.700', '0.34'),
(769, 23, 10, '[293,[4558.08,6561.13,0.000110626]]', '', '0.700', '0.34'),
(770, 62, 10, '[91,[17374.2,7641.97,-0.0154572]]', '', '0.700', '0.34'),
(771, 23, 10, '[93,[13412.8,8656.76,1.52588e-005]]', '', '0.700', '0.34'),
(772, 58, 10, '[340,[9514.06,4977.89,-0.0154419]]', '', '0.700', '0.34'),
(773, 62, 10, '[216,[14227.3,19121.1,0.0452614]]', '', '0.700', '0.34'),
(774, 23, 10, '[265,[17085,6914.41,0.0455627]]', '', '0.700', '0.34'),
(775, 58, 10, '[129,[6218.76,9814.33,-0.00266266]]', '', '0.700', '0.34'),
(776, 62, 10, '[338,[4092.65,8087.38,0.104589]]', '', '0.700', '0.34'),
(777, 23, 10, '[217,[9454.04,5261.97,0.00300598]]', '', '0.700', '0.34'),
(778, 89, 10, '[199,[12525.9,11984,0]]', '', '0.700', '0.34'),
(779, 89, 10, '[293,[9351.74,15258.9,0.00850677]]', '', '0.700', '0.34'),
(780, 89, 10, '[310,[9251.79,2059.08,0.0140038]]', '', '0.700', '0.34'),
(781, 89, 10, '[271,[16503.3,9805.29,0]]', '', '0.700', '0.34'),
(782, 89, 10, '[219,[7489.96,8046.14,0.000335693]]', '', '0.700', '0.34'),
(783, 89, 10, '[54,[9704.19,4731.92,0.0215988]]', '', '0.700', '0.34'),
(784, 89, 10, '[273,[3503,7838.59,0]]', '', '0.700', '0.34'),
(785, 47, 10, '[342,[2130.2,7102.84,0.0467148]]', '', '0.700', '0.34'),
(786, 14, 10, '[1,[15129.4,9539.02,0.0100794]]', '', '0.700', '0.34'),
(787, 10, 10, '[342,[2141.89,7102.96,0.0446053]]', '', '0.700', '0.34'),
(788, 48, 10, '[343,[2137.76,7102.6,0.0414391]]', '', '0.700', '0.34'),
(789, 12, 10, '[341,[2133.69,7103.56,0.0480652]]', '', '0.700', '0.34'),
(790, 47, 10, '[342,[2126.66,7103.33,0.0381203]]', '', '0.700', '0.34'),
(791, 10, 10, '[122,[1867.53,7180.35,0.0412025]]', '', '0.700', '0.34'),
(792, 48, 10, '[91,[2236.42,7332.13,0.0434113]]', '', '0.700', '0.34'),
(793, 12, 10, '[227,[1977.12,7314.2,0.0414314]]', '', '0.700', '0.34'),
(794, 47, 10, '[325,[14276.1,11341.2,0.0357208]]', '', '0.700', '0.34'),
(795, 10, 10, '[154,[17485.7,5878.32,0.0465851]]', '', '0.700', '0.34'),
(796, 48, 10, '[90,[11995.8,14826.6,0.0642624]]', '', '0.700', '0.34'),
(797, 12, 10, '[91,[12786.3,12594.9,0.0311279]]', '', '0.700', '0.34'),
(798, 47, 10, '[294,[8427.57,3328.11,0.0574608]]', '', '0.700', '0.34'),
(799, 10, 10, '[90,[5415.58,6186.02,0.0469246]]', '', '0.700', '0.34'),
(800, 48, 10, '[339,[5298.04,8531.94,0.0501747]]', '', '0.700', '0.34'),
(801, 12, 10, '[62,[4288.17,7869.8,0.0450974]]', '', '0.700', '0.34'),
(802, 47, 10, '[293,[8058,6558.82,0.0485535]]', '', '0.700', '0.34'),
(803, 10, 10, '[1,[16414,11521.6,0.0345001]]', '', '0.700', '0.34'),
(804, 12, 10, '[91,[11200.6,15657.3,0.0419388]]', '', '0.700', '0.34'),
(805, 47, 10, '[183,[16510.8,8259.83,0.0452576]]', '', '0.700', '0.34'),
(806, 10, 10, '[79,[16100.5,14243.9,0.0524826]]', '', '0.700', '0.34'),
(807, 48, 10, '[31,[15075.9,15924.6,0.0644913]]', '', '0.700', '0.34'),
(808, 12, 10, '[90,[11175.4,15818.8,0.0353546]]', '', '0.700', '0.34'),
(809, 47, 10, '[293,[15589.7,9072.52,0.0452518]]', '', '0.700', '0.34'),
(810, 10, 10, '[91,[15733.3,9512.98,0.0452595]]', '', '0.700', '0.34'),
(811, 48, 10, '[91,[14683.8,9881.79,0.0452595]]', '', '0.700', '0.34'),
(812, 12, 10, '[315,[13419.4,8650.89,0.0454712]]', '', '0.700', '0.34'),
(813, 47, 10, '[3,[14528.9,9956.16,0.0452671]]', '', '0.700', '0.34'),
(814, 12, 10, '[91,[15001.5,9881.99,0.0452595]]', '', '0.700', '0.34'),
(815, 14, 10, '[269,[5979.19,9939.29,0.0100784]]', '', '0.700', '0.34'),
(816, 14, 10, '[318,[7468.45,4436.98,0.0100784]]', '', '0.700', '0.34'),
(817, 14, 10, '[292,[4299.27,7984.63,0.00423813]]', '', '0.700', '0.34'),
(818, 14, 10, '[293,[15248.2,9745.34,-0.0358782]]', '', '0.700', '0.34'),
(819, 14, 10, '[293,[15493.8,9881.16,0.0145454]]', '', '0.700', '0.34'),
(820, 14, 10, '[293,[9066.47,8118.34,0.0128784]]', '', '0.700', '0.34'),
(821, 14, 10, '[273,[16184.7,10004.8,0.0109634]]', '', '0.700', '0.34'),
(822, 14, 10, '[293,[17030.3,6246.27,0.0174866]]', '', '0.700', '0.34'),
(823, 14, 10, '[293,[15270.5,9511.31,0.0100775]]', '', '0.700', '0.34'),
(824, 14, 10, '[356,[16098.2,8204.98,0.125397]]', '', '0.700', '0.34'),
(825, 14, 10, '[171,[16231.9,14855.5,0.0170135]]', '', '0.700', '0.34'),
(826, 14, 10, '[359,[14889.9,17936.8,0.00637054]]', '', '0.700', '0.34'),
(827, 14, 10, '[293,[1425.62,7193.55,0.0614738]]', '', '0.700', '0.34'),
(828, 14, 10, '[294,[6193.01,1521.38,0.182577]]', '', '0.700', '0.34'),
(829, 14, 10, '[171,[8537.62,20142.9,0.0104523]]', '', '0.700', '0.34'),
(830, 14, 10, '[227,[14825.1,11901.1,0.0316849]]', '', '0.700', '0.34'),
(831, 14, 10, '[221,[14642.6,12337.7,0.0271759]]', '', '0.700', '0.34'),
(832, 14, 10, '[232,[16447.9,12912.2,0.032845]]', '', '0.700', '0.34'),
(833, 14, 10, '[294,[8296.59,6950.21,0.253869]]', '', '0.700', '0.34'),
(834, 14, 10, '[6,[6532.7,9966.24,0.0240402]]', '', '0.700', '0.34'),
(835, 14, 10, '[340,[2123.28,7102.89,0.00970459]]', '', '0.700', '0.34'),
(836, 65, 10, '[180,[16116.4,13812.2,-0.000217438]]', '', '0.700', '0.34'),
(837, 65, 10, '[200,[17477.2,12276.4,0.0108566]]', '', '0.700', '0.34'),
(838, 65, 10, '[324,[4629.23,8336.25,0.10837]]', '', '0.700', '0.34'),
(839, 65, 10, '[273,[6671.33,8720.9,0.0102539]]', '', '0.700', '0.34'),
(840, 65, 10, '[293,[7600.95,4315.18,-0.000370026]]', '', '0.700', '0.34'),
(841, 65, 10, '[309,[9290.08,8222.67,-0.00038147]]', '', '0.700', '0.34'),
(842, 65, 10, '[311,[10295.3,6320.12,0.0368347]]', '', '0.700', '0.34'),
(843, 65, 10, '[126,[7805.89,9122.92,0.00511932]]', '', '0.700', '0.34'),
(844, 65, 10, '[319,[8723.51,2986.67,0.00176048]]', '', '0.700', '0.34'),
(845, 65, 10, '[94,[9381.76,4272.11,-0.000366211]]', '', '0.700', '0.34'),
(846, 81, 10, '[266,[2160.29,7085.14,0.00204849]]', '', '0.700', '0.34'),
(847, 81, 10, '[272,[2236.44,7065.34,0.00204086]]', '', '0.700', '0.34'),
(848, 25, 10, '[144,[3722.14,2355.7,-0.544513]]', '', '0.700', '0.34'),
(849, 25, 10, '[273,[11932.6,20890.1,-0.530017]]', '', '0.700', '0.34'),
(850, 25, 10, '[179,[11920.5,20888.2,-0.55589]]', '', '0.700', '0.34'),
(851, 82, 10, '[145,[15725.9,13419.4,0.0174866]]', '', '0.700', '0.34'),
(852, 25, 10, '[85,[13425.4,4308.68,-0.535668]]', '', '0.700', '0.34'),
(853, 25, 10, '[85,[13713.5,2884.49,-0.517073]]', '', '0.700', '0.34'),
(854, 29, 10, '[185,[9694.08,4451.54,-0.00769806]]', '', '0.700', '0.34'),
(855, 29, 10, '[340,[9697.81,4446.22,-0.00769806]]', '', '0.700', '0.34'),
(856, 58, 10, '[155,[9885.42,3154.16,-0.00692749]]', '', '0.700', '0.34'),
(857, 18, 10, '[110,[9887.89,3147.46,0.0118561]]', '', '0.700', '0.34'),
(858, 7, 10, '[310,[9897.35,3145.53,0.00969696]]', '', '0.700', '0.34'),
(859, 81, 10, '[345,[9900.03,3140.46,0.0110016]]', '', '0.700', '0.34'),
(860, 26, 10, '[330,[8542.83,6953.21,-0.608744]]', '', '0.700', '0.34'),
(861, 18, 10, '[90,[12262,15516.9,0]]', '', '0.700', '0.34'),
(862, 9, 10, '[87,[12158.4,15170.1,0.00104523]]', '', '0.700', '0.34'),
(863, 20, 10, '[90,[11822.1,15463.8,-0.00177765]]', '', '0.700', '0.34'),
(864, 10, 10, '[90,[11954.3,15065.7,0.0534363]]', '', '0.700', '0.34'),
(865, 25, 10, '[212,[10175.6,13971,-0.263998]]', '', '0.700', '0.34'),
(866, 25, 10, '[159,[10558.2,13938.9,-0.592891]]', '', '0.700', '0.34'),
(867, 25, 10, '[67,[10819.4,14116.8,-0.0761685]]', '', '0.700', '0.34'),
(868, 25, 10, '[241,[9526.37,14832.4,-0.440026]]', '', '0.700', '0.34'),
(869, 25, 10, '[281,[9509.38,14986.7,-0.416944]]', '', '0.700', '0.34'),
(870, 88, 10, '[220,[7940.75,5388.84,0.0183563]]', '', '0.700', '0.34'),
(871, 88, 10, '[135,[8950.19,3592.84,0.000854492]]', '', '0.700', '0.34'),
(872, 91, 10, '[218,[7722.66,7858.29,-0.184998]]', '', '0.700', '0.34'),
(873, 92, 1, '[122,[10137.868,12049.376,-6.1035156e-005]]', NULL, '0.250', '0.36'),
(874, 93, 1, '[0,[13441.056,12003.912,4.5776367e-005]]', NULL, '0.400', '0.36'),
(875, 94, 2, '[90,[5986.6792,7027.0684,4.863739e-005]]', NULL, '0.250', '0.39'),
(876, 55, 2, '[0,[3055.7537,6474.4546,-0.70897663]]', NULL, '0.650', '0.39'),
(877, 55, 2, '[180,[4318.3994,1878.7593,-0.66435003]]', NULL, '0.500', '0.39'),
(878, 53, 2, '[180,[1301.7004,1455.2246,-4.7683716e-006]]', NULL, '0.555', '0.39'),
(879, 53, 2, '[0,[6081.769,1671.0074,-1.0490417e-005]]', NULL, '0.555', '0.39'),
(880, 53, 2, '[150,[5508.1572,5060.7256,-1.2397766e-005]]', NULL, '0.555', '0.39'),
(881, 92, 2, '[180,[7519.2031,8273.2949,-2.1934509e-005]]', NULL, '0.500', '0.39'),
(882, 92, 2, '[90,[6952.7598,6430.978,9.5367432e-006]]', NULL, '0.500', '0.39'),
(883, 92, 2, '[90,[4183.8716,7572.7285,1.1444092e-005]]', NULL, '0.500', '0.39'),
(884, 54, 2, '[75,[3064.6106,7974.1719,-0.51635265]]', NULL, '0.500', '0.39'),
(1015, 95, 2, '[0,[5205.9272, 4022.6003, 1.4305115e-005]]', NULL, '0.250', '0.40'),
(1016, 96, 2, '[0,[5889.4961, 6797.897, -9.5367432e-007]]', NULL, '0.400', '0.40'),
(1017, 97, 2, '[0,[4491.751, 4787.2593, -3.8146973e-006]]', NULL, '0.400', '0.40'),
(1018, 98, 2, '[0,[1395.826, 608.14166, -1.5258789e-005]]', NULL, '0.400', '0.40'),
(1019, 99, 2, '[54,[1028.6489, 5299.1694, -0.13182747]]', NULL, '0.555', '0.40'),
(1020, 100, 2, '[170,[6046.6108, 6032.4341, 0.071113408]]', NULL, '0.555', '0.40'),
(1021, 101, 2, '[125,[1095.5248, 1502.8373, 0.011992991]]', NULL, '0.500', '0.40'),
(1022, 102, 2, '[170,[4236.9077, 3593.072, 0.053207695]]', NULL, '0.500', '0.40'),
(1023, 103, 2, '[105,[7171.2598, 1379.329, -0.046738148]]', NULL, '0.500', '0.40'),
(1024, 104, 2, '[5,[6673.5703, 1599.817, -0.1397385]]', NULL, '0.500', '0.40'),
(1025, 105, 2, '[0,[7217.437, 2314.2693, -0.055636108]]', NULL, '0.500', '0.45'),
(1026, 106, 2, '[75,[7590.3486, 8260.0996, -0.082376719]]', NULL, '0.500', '0.40'),
(1027, 107, 2, '[80,[3965.0176, 9361.5029, 0.00010919571]]', NULL, '0.500', '0.40'),
(1028, 108, 2, '[0,[9332.3389, 5007.4839, 4.7]]', NULL, '0.500', '0.42'),
(1029, 114, 11, '[166,[7461.5327,8095.749,0]]', NULL, '0.990', NULL),
(1030, 32, 11, '[217,[7410.7173,8090.7515,0]]', NULL, '0.990', NULL),
(1031, 65, 11, '[38,[6960.4102,8340.1221,0]]', NULL, '0.990', NULL),
(1032, 5, 11, '[35,[6962.0889,8338.0527,0]]', NULL, '0.990', NULL),
(1033, 5, 11, '[295,[7150.6133,5858.8379,0]]', NULL, '0.990', NULL),
(1034, 30, 11, '[37,[8855.4902,8283.3438,0]]', NULL, '0.990', NULL),
(1035, 68, 11, '[219,[8846.585,8259.3652,0]]', NULL, '0.990', NULL),
(1036, 58, 11, '[36,[8891.1729,8256.7852,0]]', NULL, '0.990', NULL),
(1037, 47, 11, '[129,[9074.5625,8148.3218,0]]', NULL, '0.990', NULL),
(1038, 47, 11, '[131,[9073.4707,8147.0034,0]]', NULL, '0.990', NULL),
(1039, 27, 11, '[128,[9084.8496,8133.4482,0]]', NULL, '0.990', NULL),
(1040, 5, 11, '[577,[9264.9912,7754.1885,0]]', NULL, '0.990', NULL),
(1041, 67, 11, '[37,[9311.8066,7715.7383,0]]', NULL, '0.990', NULL),
(1042, 128, 11, '[330,[7990.333,6685.4097,0]]', NULL, '0.990', NULL),
(1043, 21, 11, '[154,[7949.5879,6884.7461,0]]', NULL, '0.990', NULL),
(1044, 18, 11, '[225,[7579.146,4364.7827,0]]', NULL, '0.990', NULL),
(1045, 18, 11, '[227,[7588.7788,4374.3081,0]]', NULL, '0.990', NULL),
(1046, 129, 11, '[41,[7400.2612,4300.3579,0]]', NULL, '0.990', NULL),
(1047, 30, 11, '[152,[7944.3599,3830.3162,0]]', NULL, '0.990', NULL),
(1048, 130, 11, '[126,[7945.8125,3825.0383,0]]', NULL, '0.990', NULL),
(1049, 62, 11, '[156,[7950.5527,3826.144,0]]', NULL, '0.990', NULL),
(1050, 19, 11, '[308,[10498.643,1084.2682,0]]', NULL, '0.990', NULL),
(1051, 64, 11, '[167,[9915.1035,1345.0073,0]]', NULL, '0.990', NULL),
(1052, 16, 11, '[269,[9409.5371,4634.0117,0]]', NULL, '0.990', NULL),
(1053, 32, 11, '[0,[9630.5586,4224.3716,0]]', NULL, '0.990', NULL),
(1054, 19, 11, '[221,[10142.867,2997.7888,0]]', NULL, '0.990', NULL),
(1055, 115, 11, '[142,[11823.498,1507.4768,0]]', NULL, '0.990', NULL),
(1056, 115, 11, '[143,[1484.9868,7817.4771,0]]', NULL, '0.990', NULL),
(1057, 23, 11, '[85,[10506.047,6580.4443,0]]', NULL, '0.990', NULL),
(1058, 116, 11, '[117,[9309.9629,5290.2588,0]]', NULL, '0.990', NULL),
(1059, 117, 11, '[180,[5496.6089,10045.481,0]]', NULL, '0.990', NULL),
(1060, 118, 11, '[305,[7806.8857,9123.5967,0]]', NULL, '0.990', NULL),
(1061, 119, 11, '[33,[7801.0176,9079.792,0]]', NULL, '0.990', NULL),
(1062, 15, 11, '[34,[9322.9658,5264.3599,0]]', NULL, '0.990', NULL),
(1063, 120, 11, '[0,[3862.0945,6993.0386,0]]', NULL, '0.990', NULL),
(1064, 121, 11, '[0,[3818.6895,6999.9038,0]]', NULL, '0.990', NULL),
(1065, 92, 11, '[0,[3616.5671,7653.04,0]]', NULL, '0.990', NULL),
(1066, 53, 11, '[0,[3634.6646,7653.8955,0]]', NULL, '0.990', NULL),
(1067, 93, 11, '[287,[5351.5591,9198.3311,0]]', NULL, '0.990', NULL),
(1068, 22, 11, '[221,[9606.8994,1806.7688,0]]', NULL, '0.990', NULL),
(1069, 131, 11, '[129,[11026.505,873.01483,0]]', NULL, '0.990', NULL),
(1070, 28, 11, '[312,[11084.229,819.51752,0]]', NULL, '0.990', NULL),
(1071, 122, 11, '[235,[10218.179,18716.932,0]]', NULL, '0.990', NULL),
(1072, 123, 11, '[238,[10192.445,18681.168,0]]', NULL, '0.990', NULL),
(1073, 93, 11, '[156,[10025.002,18905.227,0]]', NULL, '0.990', NULL),
(1074, 124, 11, '[247,[9961.0791,18925.602,0]]', NULL, '0.990', NULL),
(1075, 6, 11, '[113,[9893.1484,19267.818,0]]', NULL, '0.990', NULL),
(1076, 47, 11, '[111,[9894.1807,19269.49,0]]', NULL, '0.990', NULL),
(1077, 93, 11, '[307,[11813.651,14873.872,0]]', NULL, '0.990', NULL),
(1078, 4, 11, '[174,[13034.778,14966.088,0]]', NULL, '0.990', NULL),
(1079, 132, 11, '[130,[12865.464,14851.22,0]]', NULL, '0.990', NULL),
(1080, 18, 11, '[331,[12637.83,13876.311,0]]', NULL, '0.990', NULL),
(1081, 7, 11, '[18,[12889.788,12503.913,0]]', NULL, '0.990', NULL),
(1082, 27, 11, '[0,[12892.643,12501.536,0]]', NULL, '0.990', NULL),
(1083, 58, 11, '[124,[12574.748,13969.228,0]]', NULL, '0.990', NULL),
(1084, 23, 11, '[151,[12576.093,13963.413,0]]', NULL, '0.990', NULL),
(1085, 19, 11, '[267,[12965.138,11995.3,0]]', NULL, '0.990', NULL),
(1086, 19, 11, '[349,[12926.61,11923.96,0]]', NULL, '0.990', NULL),
(1087, 21, 11, '[205,[12530.214,11989.836,0]]', NULL, '0.990', NULL),
(1088, 131, 11, '[322,[14480.693,11435.742,0]]', NULL, '0.990', NULL),
(1089, 18, 11, '[0,[14480.813,11425.407,0]]', NULL, '0.990', NULL),
(1090, 122, 11, '[236,[16720.174,10589.079,0]]', NULL, '0.990', NULL),
(1091, 65, 11, '[241,[16703.211,10621.761,0]]', NULL, '0.990', NULL),
(1092, 27, 11, '[322,[15652.205,10015.516,0]]', NULL, '0.990', NULL),
(1093, 77, 11, '[321,[15646.997,10021.268,0]]', NULL, '0.990', NULL),
(1094, 44, 11, '[0,[10812.153,2244.635,0]]', NULL, '0.990', NULL),
(1095, 129, 11, '[273,[11491.071,684.64813,0]]', NULL, '0.990', NULL),
(1096, 131, 11, '[272,[11618.047,668.7851,0]]', NULL, '0.990', NULL),
(1097, 58, 11, '[34,[8808.791,19456.229,0]]', NULL, '0.990', NULL),
(1098, 5, 11, '[306,[8879.666,19410.354,0]]', NULL, '0.990', NULL),
(1099, 5, 11, '[27,[9516.3936,17315.707,0]]', NULL, '0.990', NULL),
(1100, 5, 11, '[174,[14861.275,13627.822,0]]', NULL, '0.990', NULL),
(1101, 5, 11, '[174,[14858.492,13627.316,0]]', NULL, '0.990', NULL),
(1102, 27, 11, '[0,[16298.247,13671.682,0]]', NULL, '0.990', NULL),
(1103, 93, 11, '[320,[16297.06,13665.598,0]]', NULL, '0.990', NULL),
(1104, 5, 11, '[99,[15748.152,13420.356,0]]', NULL, '0.990', NULL),
(1105, 16, 11, '[97,[15738.71,13420.67,0]]', NULL, '0.990', NULL),
(1106, 16, 11, '[0,[17039.91,12577.751,0]]', NULL, '0.990', NULL);
INSERT INTO `world_vehicle` (`id`, `vehicle_id`, `world_id`, `worldspace`, `description`, `chance`, `last_modified`) VALUES
(1107, 3, 11, '[0,[17040.238,12566.927,0]]', NULL, '0.990', NULL),
(1108, 133, 11, '[294,[17365.928,12998.48,0]]', NULL, '0.990', NULL),
(1109, 58, 11, '[269,[16410.295,11499.71,0]]', NULL, '0.990', NULL),
(1110, 47, 11, '[92,[16254.864,11549.091,0]]', NULL, '0.990', NULL),
(1111, 47, 11, '[88,[16269.855,10531.318,0]]', NULL, '0.990', NULL),
(1112, 30, 11, '[91,[16270.966,10538.774,0]]', NULL, '0.990', NULL),
(1113, 129, 11, '[91,[16221.567,10002.575,0]]', NULL, '0.990', NULL),
(1114, 129, 11, '[181,[15451.565,10109.924,0]]', NULL, '0.990', NULL),
(1115, 28, 11, '[183,[14649.188,10183.024,0]]', NULL, '0.990', NULL),
(1116, 44, 11, '[181,[14641.588,10183.262,0]]', NULL, '0.990', NULL),
(1117, 77, 11, '[91,[15778.011,9427.6377,0]]', NULL, '0.990', NULL),
(1118, 9, 11, '[91,[15777.783,9435.8164,0]]', NULL, '0.990', NULL),
(1119, 68, 11, '[93,[15560.125,8548.1475,0]]', NULL, '0.990', NULL),
(1120, 64, 11, '[91,[15556.277,8438.4717,0]]', NULL, '0.990', NULL),
(1121, 47, 11, '[123,[15221.366,7880.626,0]]', NULL, '0.990', NULL),
(1122, 58, 11, '[91,[15551.656,16311.276,0]]', NULL, '0.990', NULL),
(1123, 8, 11, '[0,[15408.937,16406.789,0]]', NULL, '0.990', NULL),
(1124, 23, 11, '[59,[15341.379,16146.72,0]]', NULL, '0.990', NULL),
(1125, 129, 11, '[21,[15330.894,16043.704,0]]', NULL, '0.990', NULL),
(1126, 21, 11, '[252,[15974.153,16260.631,0]]', NULL, '0.990', NULL),
(1127, 77, 11, '[185,[14878.141,18280.154,0]]', NULL, '0.990', NULL),
(1128, 124, 11, '[150,[14629.92,18568.502,0]]', NULL, '0.990', NULL),
(1129, 7, 11, '[221,[15096.983,18284.516,0]]', NULL, '0.990', NULL),
(1130, 5, 11, '[181,[13465.56,19508.861,0]]', NULL, '0.990', NULL),
(1131, 18, 11, '[293,[16408.16,8726.0605,0]]', NULL, '0.990', NULL),
(1132, 18, 11, '[276,[16024.884,8900.8408,0]]', NULL, '0.990', NULL),
(1133, 4, 11, '[269,[14733.662,10830.672,0]]', NULL, '0.990', NULL),
(1134, 23, 11, '[269,[16559.188,8315.1104,0]]', NULL, '0.990', NULL),
(1135, 68, 11, '[0,[17435.986,7680.0762,0]]', NULL, '0.990', NULL),
(1136, 65, 11, '[0,[17431.191,7681.0117,0]]', NULL, '0.990', NULL),
(1137, 65, 11, '[91,[17246.43,7614.8257,0]]', NULL, '0.990', NULL),
(1138, 128, 11, '[91,[17246.264,7609.8418,0]]', NULL, '0.990', NULL),
(1139, 131, 11, '[180,[17454.854,7184.7764,0]]', NULL, '0.990', NULL),
(1140, 132, 11, '[179,[17458.594,7186.4185,0]]', NULL, '0.990', NULL),
(1141, 6, 11, '[92,[16830.092,6295.5156,0]]', NULL, '0.990', NULL),
(1142, 133, 11, '[91,[16821.471,6296.0874,0]]', NULL, '0.990', NULL),
(1143, 129, 11, '[70,[17228.752,5641.748,0]]', NULL, '0.990', NULL),
(1144, 23, 11, '[0,[2126.8276,7063.3838,0]]', NULL, '0.990', NULL),
(1145, 30, 11, '[0,[2126.7349,7072.96,0]]', NULL, '0.990', NULL),
(1146, 7, 11, '[0,[2133.0747,7063.6338,0]]', NULL, '0.990', NULL),
(1147, 9, 11, '[0,[2133.125,7073.2104,0]]', NULL, '0.990', NULL),
(1148, 24, 11, '[180,[10434.724,16775.271,0]]', NULL, '0.990', NULL),
(1149, 24, 11, '[180,[10441.271,16775.35,0]]', NULL, '0.990', NULL),
(1150, 24, 11, '[50,[3711.3118,2385.6279,0]]', NULL, '0.990', NULL),
(1151, 24, 11, '[50,[9237.9883,1901.8615,0]]', NULL, '0.990', NULL),
(1152, 24, 11, '[92,[17204.557,12703.166,0]]', NULL, '0.990', NULL),
(1153, 24, 11, '[0,[17623.051,,0]]', NULL, '0.990', NULL),
(1154, 24, 11, '[84,[16187.329,16318.351,0]]', NULL, '0.990', NULL),
(1155, 24, 11, '[37,[15213.643,18399.988,0]]', NULL, '0.990', NULL),
(1156, 24, 11, '[0,[11917.173,20880.473,0]]', NULL, '0.990', NULL),
(1157, 117, 11, '[179,[11906.734,20911.01,0]]', NULL, '0.990', NULL),
(1158, 115, 11, '[150,[9926.21,18715.131,0]]', NULL, '0.990', NULL),
(1159, 115, 11, '[199,[8542.0186,20473.357,0]]', NULL, '0.990', NULL),
(1160, 125, 11, '[169,[9206.3936,17883.768,0]]', NULL, '0.990', NULL),
(1161, 53, 11, '[0,[13909.938,15512.487,0]]', NULL, '0.990', NULL),
(1162, 18, 11, '[270,[12461.246,19224.055,0]]', NULL, '0.990', NULL),
(1163, 21, 11, '[328,[11162.672,18698.898,0]]', NULL, '0.990', NULL),
(1164, 133, 11, '[270,[11251.459,19073.783,0]]', NULL, '0.990', NULL),
(1165, 5, 11, '[204,[10326.344,19148.473,0]]', NULL, '0.990', NULL),
(1166, 47, 11, '[202,[10329.396,19149.811,0]]', NULL, '0.990', NULL),
(1167, 65, 11, '[237,[10216.855,19120.967,0]]', NULL, '0.990', NULL),
(1168, 24, 11, '[264,[5408.6035,9545.3799,0]]', NULL, '0.990', NULL),
(1169, 126, 11, '[180,[11906.96,20884.561,0]]', NULL, '0.990', NULL),
(1170, 126, 11, '[180,[11901.589,20884.307,0]]', NULL, '0.990', NULL),
(1171, 126, 11, '[44,[3704.9639,2394.4231,0]]', NULL, '0.990', NULL),
(1172, 126, 11, '[44,[3700.0669,2399.9834,0]]', NULL, '0.990', NULL),
(1173, 27, 11, '[325,[17398.721,6542.9185,0]]', NULL, '0.990', NULL),
(1174, 68, 11, '[78,[17214.516,6923.8345,0]]', NULL, '0.990', NULL),
(1175, 131, 11, '[0,[17186.629,7557.334,0]]', NULL, '0.990', NULL),
(1176, 129, 11, '[296,[10020.088,6772.9478,0]]', NULL, '0.990', NULL),
(1177, 62, 11, '[273,[9626.541,6880.5815,0]]', NULL, '0.990', NULL),
(1178, 23, 11, '[327,[11370.181,1548.0515,0]]', NULL, '0.990', NULL),
(1179, 8, 11, '[306,[10328.498,1446.2616,0]]', NULL, '0.990', NULL),
(1180, 64, 11, '[325,[9771.9258,1589.981,0]]', NULL, '0.990', NULL),
(1181, 65, 11, '[228,[9504.7412,1864.8407,0]]', NULL, '0.990', NULL),
(1182, 47, 11, '[27,[8991.6396,2215.6052,0]]', NULL, '0.990', NULL),
(1183, 28, 11, '[296,[8976.2031,2307.1719,0]]', NULL, '0.990', NULL),
(1184, 18, 11, '[310,[8837.0918,2296.0891,0]]', NULL, '0.990', NULL),
(1185, 68, 11, '[225,[10048.936,1413.5071,0]]', NULL, '0.990', NULL),
(1186, 16, 11, '[60,[10087.871,1443.8873,0]]', NULL, '0.990', NULL),
(1187, 124, 11, '[141,[10410.54,1353.5492,0]]', NULL, '0.990', NULL),
(1188, 18, 11, '[92,[11612.026,1216.4749,0]]', NULL, '0.990', NULL),
(1189, 5, 11, '[0,[11294.055,1725.5311,0]]', NULL, '0.990', NULL),
(1190, 7, 11, '[0,[9619.1895,3604.019,0]]', NULL, '0.990', NULL),
(1191, 27, 11, '[56,[9947.9902,6038.8896,0]]', NULL, '0.990', NULL),
(1192, 77, 11, '[237,[9849.4502,5955.7925,0]]', NULL, '0.990', NULL),
(1193, 18, 11, '[214,[9522.7344,5678.5996,0]]', NULL, '0.990', NULL),
(1194, 18, 11, '[159,[9115.5166,5406.2378,0]]', NULL, '0.990', NULL),
(1195, 15, 11, '[224,[7700.3691,4270.8628,0]]', NULL, '0.990', NULL),
(1196, 18, 11, '[222,[7775,3990.1323,0]]', NULL, '0.990', NULL),
(1197, 23, 11, '[192,[7720.7466,4620.9033,0]]', NULL, '0.990', NULL),
(1198, 58, 11, '[323,[6302.8154,5680.7896,0]]', NULL, '0.990', NULL),
(1199, 64, 11, '[140,[5680.9575,6036.9736,0]]', NULL, '0.990', NULL),
(1200, 93, 11, '[304,[4637.0273,6538.3999,0]]', NULL, '0.990', NULL),
(1201, 133, 11, '[107,[3989.9075,6677.9531,0]]', NULL, '0.990', NULL),
(1202, 30, 11, '[138,[3670.8245,7318.0327,0]]', NULL, '0.990', NULL),
(1203, 62, 11, '[29,[3712.0679,6872.4702,0]]', NULL, '0.990', NULL),
(1204, 23, 11, '[0,[8263.3623,6007.3804,0]]', NULL, '0.990', NULL),
(1205, 15, 11, '[0,[5548.519,9687.0039,0]]', NULL, '0.990', NULL),
(1206, 15, 11, '[37,[7749.2095,9115.6758,0]]', NULL, '0.990', NULL),
(1207, 6, 11, '[51,[9510.2822,5344.6836,0]]', NULL, '0.990', NULL),
(1208, 9, 11, '[270,[9703.0527,4449.3379,0]]', NULL, '0.990', NULL),
(1209, 27, 11, '[0,[9575.4111,3914.5828,0]]', NULL, '0.990', NULL),
(1210, 8, 11, '[310,[9886.5605,3151.8479,0]]', NULL, '0.990', NULL),
(1211, 5, 11, '[287,[17510.389,6024.8687,0]]', NULL, '0.990', NULL),
(1212, 30, 11, '[286,[17337.145,7492.7886,0]]', NULL, '0.990', NULL),
(1213, 30, 11, '[257,[16467.303,8251.5078,0]]', NULL, '0.990', NULL),
(1214, 30, 11, '[0,[15150.554,9579.3379,0]]', NULL, '0.990', NULL),
(1215, 129, 11, '[289,[15082.68,9581.9316,0]]', NULL, '0.990', NULL),
(1216, 58, 11, '[320,[14995.795,9795.3389,0]]', NULL, '0.990', NULL),
(1217, 131, 11, '[0,[14527.658,10370.291,0]]', NULL, '0.990', NULL),
(1218, 58, 11, '[0,[14570.871,10440.091,0]]', NULL, '0.990', NULL),
(1219, 47, 11, '[0,[14278.42,11734.606,0]]', NULL, '0.990', NULL),
(1220, 18, 11, '[325,[13996.977,12258.261,0]]', NULL, '0.990', NULL),
(1221, 15, 11, '[241,[14007.657,12385.193,0]]', NULL, '0.990', NULL),
(1222, 18, 11, '[201,[15418.121,9037.8555,0]]', NULL, '0.990', NULL),
(1223, 58, 11, '[0,[15690.582,8371.0664,0]]', NULL, '0.990', NULL),
(1224, 124, 11, '[47,[15376.56,8134.4497,0]]', NULL, '0.990', NULL),
(1225, 64, 11, '[287,[15302.3,7880.0215,0]]', NULL, '0.990', NULL),
(1226, 23, 11, '[45,[15302.021,7874.4873,0]]', NULL, '0.990', NULL),
(1227, 32, 11, '[281,[13879.207,8181.8208,0]]', NULL, '0.990', NULL),
(1228, 129, 11, '[316,[13880.466,8185.5571,0]]', NULL, '0.990', NULL),
(1229, 131, 11, '[157,[13872.282,8186.4551,0]]', NULL, '0.990', NULL),
(1230, 21, 11, '[272,[17509.287,6310.5728,0]]', NULL, '0.990', NULL),
(1231, 67, 11, '[0,[17601.729,6330.0977,0]]', NULL, '0.990', NULL),
(1232, 30, 11, '[63,[17592.75,6307.1914,0]]', NULL, '0.990', NULL),
(1233, 62, 11, '[342,[16264.324,11585.903,0]]', NULL, '0.990', NULL),
(1234, 65, 11, '[179,[16260.904,11593.725,0]]', NULL, '0.990', NULL),
(1235, 44, 11, '[0,[16171.882,11613.816,0]]', NULL, '0.990', NULL),
(1236, 28, 11, '[184,[16165.235,11636.793,0]]', NULL, '0.990', NULL),
(1237, 134, 11, '[93,[16444.439,11505.454,0]]', NULL, '0.990', NULL),
(1238, 8, 11, '[157,[17134.592,12979.639,0]]', NULL, '0.990', NULL),
(1239, 23, 11, '[81,[16939.555,12670.9,0]]', NULL, '0.990', NULL),
(1240, 58, 11, '[45,[16544.477,12630.238,0]]', NULL, '0.990', NULL),
(1241, 128, 11, '[89,[16184.221,13707.449,0]]', NULL, '0.990', NULL),
(1242, 47, 11, '[19,[16117.775,13667.954,0]]', NULL, '0.990', NULL),
(1243, 65, 11, '[28,[15808.178,14273.73,0]]', NULL, '0.990', NULL),
(1244, 133, 11, '[338,[15175.472,14844.729,0]]', NULL, '0.990', NULL),
(1245, 3, 11, '[2,[15136.45,14840.201,0]]', NULL, '0.990', NULL),
(1246, 23, 11, '[87,[15121.101,14828.194,0]]', NULL, '0.990', NULL),
(1247, 93, 11, '[123,[15074.912,15902.142,0]]', NULL, '0.990', NULL),
(1248, 28, 11, '[0,[15150.464,17229.475,0]]', NULL, '0.990', NULL),
(1249, 18, 11, '[0,[15001.771,18180.852,0]]', NULL, '0.990', NULL),
(1250, 7, 11, '[0,[11067.469,16804.457,0]]', NULL, '0.990', NULL),
(1251, 23, 11, '[305,[10894.836,17406.41,0]]', NULL, '0.990', NULL),
(1252, 92, 11, '[0,[11558.873,15308.654,0]]', NULL, '0.990', NULL),
(1253, 55, 11, '[337,[10461.681,17617.744,0]]', NULL, '0.990', NULL),
(1254, 55, 11, '[308,[7645.7046,7673.0054,0]]', NULL, '0.990', NULL),
(1255, 30, 11, '[0,[6919.7603,7947.3833,0]]', NULL, '0.990', NULL),
(1256, 3, 11, '[0,[6503.3784,8593.7734,0]]', NULL, '0.990', NULL),
(1257, 3, 11, '[187,[5745.8853,8741.0742,0]]', NULL, '0.990', NULL),
(1258, 23, 11, '[267,[5589.9492,8825.2969,0]]', NULL, '0.990', NULL),
(1259, 68, 11, '[0,[5396.1626,8495.9473,0]]', NULL, '0.990', NULL),
(1260, 27, 11, '[308,[5974.7813,9866.2031,0]]', NULL, '0.990', NULL),
(1261, 77, 11, '[0,[5824.5415,9787.1807,0]]', NULL, '0.990', NULL),
(1262, 44, 11, '[93,[6499.7222,9823.6455,0]]', NULL, '0.990', NULL),
(1263, 77, 11, '[126,[6648.0674,9880.7012,0]]', NULL, '0.990', NULL),
(1264, 16, 11, '[277,[6654.9146,9877.5977,0]]', NULL, '0.990', NULL),
(1265, 65, 11, '[288,[8986.7607,7360.5693,0]]', NULL, '0.990', NULL),
(1266, 23, 11, '[141,[8981.6494,7359.9663,0]]', NULL, '0.990', NULL),
(1267, 92, 11, '[57,[10435.199,6733.5039,0]]', NULL, '0.990', NULL),
(1268, 58, 11, '[316,[10660.641,6550.1729,0]]', NULL, '0.990', NULL),
(1269, 22, 11, '[85,[10552.399,6518.0498,0]]', NULL, '0.990', NULL),
(1270, 129, 11, '[229,[10551.592,6521.2939,0]]', NULL, '0.990', NULL),
(1271, 122, 11, '[41,[9989.4668,5521.4829,0]]', NULL, '0.990', NULL),
(1272, 115, 11, '[37,[15943.975,14450.914,0]]', NULL, '0.990', NULL),
(1273, 92, 11, '[3,[15263.61,14284.057,0]]', NULL, '0.990', NULL),
(1274, 117, 11, '[156,[13749.897,3000.8269,0]]', NULL, '0.990', NULL),
(1275, 117, 11, '[0,[1123.1216,13879.378,0]]', NULL, '0.990', NULL),
(1276, 120, 11, '[187,[3157.0972,2433.3254,0]]', NULL, '0.990', NULL),
(1277, 135, 11, '[223,[7964.6523,5382.9941,0]]', NULL, '0.990', NULL);

-- --------------------------------------------------------

--
-- Structure for view `v_deployable`
--
DROP TABLE IF EXISTS `v_deployable`;
-- in use(#1142 - SHOW VIEW command denied to user 'tacticalforce'@'localhost' for table 'v_deployable')

-- --------------------------------------------------------

--
-- Structure for view `v_player`
--
DROP TABLE IF EXISTS `v_player`;
-- in use(#1142 - SHOW VIEW command denied to user 'tacticalforce'@'localhost' for table 'v_player')

-- --------------------------------------------------------

--
-- Structure for view `v_vehicle`
--
DROP TABLE IF EXISTS `v_vehicle`;
-- in use(#1142 - SHOW VIEW command denied to user 'tacticalforce'@'localhost' for table 'v_vehicle')

--
-- Constraints for dumped tables
--

--
-- Constraints for table `instance`
--
ALTER TABLE `instance`
  ADD CONSTRAINT `instance_ibfk_1` FOREIGN KEY (`world_id`) REFERENCES `world` (`id`);

--
-- Constraints for table `instance_deployable`
--
ALTER TABLE `instance_deployable`
  ADD CONSTRAINT `instance_deployable_ibfk_1` FOREIGN KEY (`instance_id`) REFERENCES `instance` (`id`),
  ADD CONSTRAINT `instance_deployable_ibfk_2` FOREIGN KEY (`owner_id`) REFERENCES `survivor` (`id`),
  ADD CONSTRAINT `instance_deployable_ibfk_3` FOREIGN KEY (`deployable_id`) REFERENCES `deployable` (`id`);

--
-- Constraints for table `instance_vehicle`
--
ALTER TABLE `instance_vehicle`
  ADD CONSTRAINT `fk3_instance_vehicle` FOREIGN KEY (`world_vehicle_id`) REFERENCES `world_vehicle` (`id`),
  ADD CONSTRAINT `instance_vehicle_ibfk_1` FOREIGN KEY (`instance_id`) REFERENCES `instance` (`id`);

--
-- Constraints for table `log_entry`
--
ALTER TABLE `log_entry`
  ADD CONSTRAINT `fk1_log_entry` FOREIGN KEY (`log_code_id`) REFERENCES `log_code` (`id`);

--
-- Constraints for table `world_vehicle`
--
ALTER TABLE `world_vehicle`
  ADD CONSTRAINT `world_vehicle_ibfk_1` FOREIGN KEY (`vehicle_id`) REFERENCES `vehicle` (`id`),
  ADD CONSTRAINT `world_vehicle_ibfk_2` FOREIGN KEY (`world_id`) REFERENCES `world` (`id`);

/*!40101 SET CHARACTER_SET_CLIENT=@OLD_CHARACTER_SET_CLIENT */;
/*!40101 SET CHARACTER_SET_RESULTS=@OLD_CHARACTER_SET_RESULTS */;
/*!40101 SET COLLATION_CONNECTION=@OLD_COLLATION_CONNECTION */;
